,id,submitdate,lastpage,startlanguage,seed,age,sex,degree,d2[other],job,d5[other],risk_aver,best_intention,reciproc1,reciproc2_neg,fox,wsj,wp,cnn,abc,reuters,econ,nyt,time,forbes,none,d6[other],ladder_me,ladder_repub,ladder_demo,ladder_indep,pol_views,pol_party,d11[other],chatgpt_pol,bert_pol,llama_pol,chatgpt_know,chatgpt_use,chatgpt_perc_acc,llama_know,llama_use,llama_perc_acc,bert_know,bert_use,bert_perc_acc,openai_pol,meta_pol,twitter_pol,apple_pol,exxon_pol,chatgpt_att1,chatgpt_att2,chatgpt_att3,chatgpt_att4,chatgpt_att5,chatgpt_att6,bert_att1,bert_att2,bert_att3,bert_att4,bert_att5,bert_att6,llama_att1,llama_att2,llama_att3,llama_att4,llama_att5,llama_att6,p1id,reciproc2,reciproc,chatgpt_att_avg,llama_att_avg,chatgpt_pol_dis,openai_pol_dis,bert_pol_dis,llama_pol_dis,meta_pol_dis,job_int,deg_int
0,1,1980-01-01 00:00:00,5.0,en,1384669501,23.0,0,Graduate (University),,Self-employed,,7.0,6.0,7.0,3.0,0,0,0,0,0,0,0,1,0,0,0,0,9.0,8.0,8.0,6.0,5.0,-1,,5.0,5.0,5.0,1,1,0.6,0,0,0.4,1,0,0.8,6.0,6.0,6.0,5.0,1.0,4.0,4.0,4.0,4.0,5.0,5.0,3.0,3.0,3.0,3.0,5.0,5.0,3.0,3.0,3.0,3.0,3.0,3.0,x,8.0,7.5,4.333333333333333,3.0,0.0,1.0,0.0,0.0,1.0,0,0
1,2,1980-01-01 00:00:00,5.0,en,1823803087,23.0,0,Undergraduate (University),,Student,,7.0,3.0,4.0,4.0,0,0,0,0,0,0,0,1,0,0,0,0,6.0,7.0,5.0,6.0,5.0,-1,,5.0,5.0,5.0,1,1,0.6,0,0,0.4,0,0,0.4,5.0,5.0,4.0,4.0,3.0,2.0,3.0,3.0,4.0,2.0,4.0,3.0,3.0,3.0,3.0,3.0,3.0,3.0,3.0,3.0,3.0,3.0,3.0,61117b4c38d1dddbae6511da,7.0,5.5,3.0,3.0,0.0,0.0,0.0,0.0,0.0,1,1
2,3,1980-01-01 00:00:00,5.0,en,1319493814,57.0,0,Elementary/high school diploma,,Employed part-time,,3.0,5.0,10.0,1.0,0,0,0,0,0,0,0,0,0,0,1,0,5.0,5.0,5.0,5.0,6.0,0,,5.0,5.0,5.0,0,0,0.6,0,0,0.6,0,0,0.6,4.0,3.0,6.0,5.0,3.0,3.0,3.0,3.0,3.0,1.0,2.0,3.0,3.0,3.0,3.0,1.0,1.0,3.0,3.0,3.0,3.0,1.0,1.0,5bd893be30bfa90001efc6ce,10.0,10.0,2.5,2.3333333333333335,1.0,2.0,1.0,1.0,3.0,2,2
3,4,1980-01-01 00:00:00,5.0,en,108675285,48.0,0,Undergraduate (University),,Employed full-time,,9.0,9.0,10.0,8.0,0,1,0,0,0,0,1,0,0,0,0,0,5.0,2.0,7.0,4.0,5.0,-1,,4.0,2.0,4.0,1,1,0.8,0,0,0.6,0,0,0.6,6.0,6.0,3.0,6.0,2.0,3.0,4.0,3.0,4.0,3.0,3.0,3.0,2.0,3.0,2.0,3.0,3.0,3.0,4.0,3.0,3.0,2.0,3.0,64447e9e30d89db5da840b90,3.0,6.5,3.3333333333333335,3.0,1.0,1.0,3.0,1.0,1.0,3,1
4,5,1980-01-01 00:00:00,5.0,en,1099057495,30.0,1,Undergraduate (University),,Employed full-time,,3.0,8.0,9.0,1.0,0,0,0,1,0,1,0,1,0,0,0,0,6.0,5.0,5.0,5.0,6.0,-1,,5.0,5.0,5.0,1,1,0.8,0,0,0.6,0,0,0.6,5.0,5.0,5.0,5.0,3.0,4.0,4.0,4.0,4.0,4.0,4.0,3.0,3.0,3.0,3.0,3.0,3.0,3.0,3.0,3.0,3.0,3.0,3.0,542473a4fdf99b691fb38455,10.0,9.5,4.0,3.0,1.0,1.0,1.0,1.0,1.0,3,1
5,6,1980-01-01 00:00:00,5.0,en,262175485,30.0,1,Graduate (University),,Employed full-time,,6.0,7.0,9.0,7.0,0,0,0,0,0,0,0,0,0,0,1,0,4.0,7.0,5.0,6.0,4.0,-1,,4.0,4.0,4.0,1,1,0.8,0,0,0.6,0,0,0.6,4.0,4.0,5.0,4.0,4.0,5.0,5.0,5.0,5.0,5.0,5.0,3.0,3.0,3.0,3.0,3.0,3.0,3.0,3.0,3.0,3.0,3.0,3.0,60fd866917347300b1470b1b,4.0,6.5,5.0,3.0,0.0,0.0,0.0,0.0,0.0,3,0
6,7,1980-01-01 00:00:00,5.0,en,1049438435,39.0,0,Graduate (University),,Employed full-time,,2.0,9.0,10.0,1.0,0,0,0,0,0,0,0,0,0,0,1,0,4.0,6.0,5.0,4.0,6.0,0,,4.0,4.0,4.0,1,0,0.6,0,0,0.6,0,0,0.6,4.0,4.0,4.0,4.0,3.0,2.0,2.0,2.0,3.0,1.0,1.0,3.0,3.0,3.0,3.0,3.0,3.0,3.0,3.0,3.0,3.0,3.0,3.0,60a56378aa5f55ddac516adc,10.0,10.0,1.8333333333333333,3.0,2.0,2.0,2.0,2.0,2.0,3,0
7,8,1980-01-01 00:00:00,5.0,en,1496200958,63.0,0,Graduate (University),,Retired,,3.0,5.0,10.0,6.0,0,0,0,0,0,0,0,0,0,0,1,0,7.0,5.0,4.0,5.0,2.0,1,,5.0,5.0,5.0,1,0,0.6,0,0,0.6,1,0,0.6,5.0,7.0,5.0,7.0,4.0,3.0,3.0,3.0,5.0,2.0,4.0,2.0,2.0,3.0,4.0,1.0,3.0,4.0,4.0,4.0,5.0,1.0,3.0,60c3d124a3f6a934bbbb3292,5.0,7.5,3.3333333333333335,3.5,3.0,3.0,3.0,3.0,5.0,4,0
8,9,1980-01-01 00:00:00,5.0,en,156814036,34.0,1,Graduate (University),,Homemaker,,3.0,5.0,8.0,1.0,0,0,0,0,0,0,0,0,0,0,1,0,3.0,5.0,5.0,5.0,4.0,1,,4.0,4.0,4.0,0,0,0.6,0,0,0.6,0,0,0.6,4.0,4.0,4.0,4.0,4.0,3.0,3.0,3.0,3.0,3.0,3.0,3.0,3.0,3.0,3.0,3.0,3.0,3.0,3.0,3.0,3.0,3.0,3.0,63bb56dd556ae9e3ef1d673e,10.0,9.0,3.0,3.0,0.0,0.0,0.0,0.0,0.0,5,0
9,10,1980-01-01 00:00:00,5.0,en,741016249,28.0,0,Undergraduate (University),,Self-employed,,8.0,5.0,7.0,6.0,0,0,0,0,0,1,0,1,0,0,0,0,5.0,5.0,5.0,5.0,6.0,-1,,4.0,4.0,5.0,1,1,0.8,0,0,0.6,0,0,0.6,5.0,3.0,3.0,3.0,2.0,3.0,3.0,3.0,3.0,3.0,3.0,2.0,2.0,2.0,2.0,2.0,2.0,2.0,2.0,2.0,2.0,2.0,2.0,60fcbf0aca44c1b1c5631970,5.0,6.0,3.0,2.0,2.0,1.0,2.0,1.0,3.0,0,1
10,11,1980-01-01 00:00:00,5.0,en,618630344,68.0,0,Undergraduate (University),,Retired,,1.0,1.0,10.0,3.0,0,0,0,0,0,0,0,0,0,0,1,0,4.0,8.0,8.0,6.0,6.0,1,,6.0,5.0,6.0,1,1,0.6,0,0,0.6,0,0,0.6,2.0,7.0,2.0,4.0,2.0,1.0,1.0,1.0,4.0,1.0,1.0,1.0,1.0,1.0,4.0,1.0,1.0,1.0,1.0,1.0,4.0,1.0,1.0,5e441ce319a8840160a4ba48,8.0,9.0,1.5,1.5,0.0,4.0,1.0,0.0,1.0,4,1
11,12,1980-01-01 00:00:00,5.0,en,1781595940,42.0,1,Graduate (University),,Self-employed,,2.0,2.0,8.0,3.0,0,0,0,0,0,0,0,0,0,0,1,0,7.0,4.0,5.0,6.0,4.0,0,,4.0,4.0,4.0,1,1,0.8,0,0,0.6,0,0,0.6,6.0,6.0,5.0,6.0,4.0,2.0,3.0,3.0,4.0,2.0,4.0,2.0,3.0,3.0,3.0,3.0,3.0,3.0,3.0,3.0,3.0,3.0,3.0,5dd3581abca2e436d1c171cb,8.0,8.0,3.0,3.0,0.0,2.0,0.0,0.0,2.0,0,0
12,13,1980-01-01 00:00:00,5.0,en,751474555,22.0,0,High school,,Student,,4.0,8.0,10.0,2.0,0,0,0,0,0,0,0,0,0,0,1,0,4.0,7.0,3.0,6.0,6.0,-1,,4.0,4.0,4.0,1,0,0.6,0,0,0.6,0,0,0.6,4.0,2.0,3.0,5.0,3.0,2.0,2.0,3.0,5.0,2.0,4.0,3.0,3.0,3.0,3.0,3.0,3.0,3.0,3.0,3.0,3.0,3.0,3.0,627b0d689d780840df214aee,9.0,9.5,3.0,3.0,2.0,2.0,2.0,2.0,4.0,1,3
13,14,1980-01-01 00:00:00,5.0,en,718240561,28.0,1,Completed vocational training,,Employed full-time,,7.0,9.0,9.0,2.0,0,0,0,0,0,0,0,0,0,0,1,0,5.0,7.0,7.0,5.0,7.0,-1,,4.0,4.0,4.0,1,1,0.4,0,0,0.6,0,0,0.6,4.0,3.0,2.0,4.0,2.0,4.0,4.0,5.0,4.0,2.0,3.0,3.0,3.0,3.0,3.0,3.0,3.0,3.0,3.0,3.0,3.0,3.0,3.0,5f5561166d9ce792e07134e2,9.0,9.0,3.6666666666666665,3.0,3.0,3.0,3.0,3.0,4.0,3,4
14,15,1980-01-01 00:00:00,5.0,en,804405438,22.0,1,High school,,Employed part-time,,3.0,4.0,7.0,5.0,0,0,0,0,0,0,0,0,0,0,1,0,6.0,6.0,6.0,7.0,4.0,0,,5.0,4.0,4.0,1,1,0.6,0,0,0.6,0,0,0.6,6.0,6.0,6.0,6.0,2.0,3.0,4.0,4.0,4.0,2.0,3.0,3.0,3.0,3.0,3.0,3.0,3.0,3.0,3.0,3.0,3.0,3.0,3.0,5e1bdc0107c9c73e922e4b4e,6.0,6.5,3.3333333333333335,3.0,1.0,2.0,0.0,0.0,2.0,2,3
15,16,1980-01-01 00:00:00,5.0,en,989698300,34.0,0,University of Applied Sciences degree,,Employed part-time,,6.0,5.0,8.0,5.0,1,1,1,1,0,1,1,1,0,1,0,0,4.0,5.0,5.0,5.0,6.0,0,,4.0,4.0,4.0,1,0,0.8,0,0,0.6,0,0,0.6,4.0,2.0,4.0,3.0,3.0,4.0,3.0,3.0,2.0,3.0,4.0,3.0,3.0,4.0,4.0,2.0,4.0,3.0,3.0,3.0,3.0,2.0,3.0,5bc79ce8f653a50001ce430e,6.0,7.0,3.1666666666666665,2.8333333333333335,2.0,2.0,2.0,2.0,4.0,2,5
16,17,1980-01-01 00:00:00,5.0,en,134215397,42.0,1,Completed vocational training,,Employed full-time,,5.0,4.0,8.0,1.0,0,0,0,0,0,0,0,0,0,0,0,"New York Post, Washington Times",5.0,5.0,7.0,6.0,1.0,1,,7.0,4.0,4.0,1,0,0.6,0,0,0.6,0,0,0.6,7.0,7.0,4.0,7.0,4.0,3.0,3.0,3.0,3.0,1.0,5.0,3.0,3.0,3.0,3.0,1.0,1.0,3.0,3.0,3.0,3.0,1.0,2.0,5f500550ad48ba16ff920279,10.0,9.0,3.0,2.5,6.0,6.0,3.0,3.0,6.0,3,4
17,18,1980-01-01 00:00:00,5.0,en,1466932394,28.0,1,High school,,Employed part-time,,3.0,6.0,9.0,3.0,0,0,0,0,0,0,0,0,0,0,0,The Intercept & The Guardian,4.0,5.0,5.0,6.0,6.0,0,,4.0,4.0,4.0,1,1,0.4,0,0,0.6,1,1,0.6,4.0,5.0,4.0,5.0,2.0,4.0,4.0,4.0,4.0,4.0,4.0,4.0,4.0,4.0,5.0,4.0,4.0,4.0,4.0,4.0,4.0,4.0,4.0,603bef3bffe72f8b0a6b55c4,8.0,8.5,4.0,4.0,2.0,2.0,2.0,2.0,1.0,2,3
18,19,1980-01-01 00:00:00,5.0,en,911652529,26.0,0,Undergraduate (University),,Student,,2.0,5.0,8.0,2.0,0,0,0,0,0,0,0,0,0,0,1,0,5.0,5.0,5.0,5.0,3.0,1,,6.0,5.0,5.0,1,0,0.6,0,0,0.6,0,0,0.6,6.0,6.0,6.0,5.0,5.0,3.0,3.0,3.0,4.0,2.0,2.0,3.0,3.0,3.0,3.0,2.0,2.0,3.0,3.0,3.0,3.0,2.0,2.0,610329b3d3eafd7489113416,9.0,8.5,2.8333333333333335,2.6666666666666665,3.0,3.0,2.0,2.0,3.0,1,1
19,20,1980-01-01 00:00:00,5.0,en,2055259306,26.0,0,Undergraduate (University),,Employed part-time,,7.0,6.0,9.0,7.0,0,0,0,0,0,0,0,0,0,0,1,0,5.0,7.0,7.0,7.0,6.0,0,,3.0,4.0,4.0,1,0,0.8,0,0,0.6,0,0,0.6,4.0,5.0,3.0,6.0,1.0,2.0,2.0,2.0,4.0,1.0,3.0,3.0,3.0,3.0,3.0,1.0,3.0,3.0,3.0,3.0,3.0,1.0,3.0,5f5fc8153ba37c07caa9b45e,4.0,6.5,2.3333333333333335,2.6666666666666665,3.0,2.0,2.0,2.0,1.0,2,1
20,21,1980-01-01 00:00:00,5.0,en,59530895,26.0,0,Undergraduate (University),,Employed full-time,,6.0,6.0,7.0,3.0,0,0,0,1,1,0,0,1,1,1,0,0,6.0,4.0,6.0,5.0,6.0,-1,,4.0,4.0,4.0,1,1,0.8,0,0,0.6,0,0,0.6,4.0,2.0,6.0,5.0,4.0,3.0,3.0,3.0,4.0,2.0,3.0,3.0,3.0,3.0,3.0,3.0,3.0,3.0,3.0,3.0,3.0,3.0,3.0,60ff14a46f99a66e7d2a73ef,8.0,7.5,3.0,3.0,2.0,2.0,2.0,2.0,4.0,3,1
21,22,1980-01-01 00:00:00,5.0,en,68116644,40.0,1,Undergraduate (University),,Employed full-time,,3.0,7.0,8.0,2.0,0,0,0,1,0,1,0,0,0,0,0,0,5.0,6.0,4.0,5.0,5.0,-1,,4.0,4.0,4.0,1,1,0.6,0,0,0.6,0,0,0.6,4.0,3.0,4.0,4.0,2.0,3.0,3.0,3.0,2.0,2.0,4.0,3.0,3.0,3.0,3.0,3.0,3.0,3.0,3.0,3.0,3.0,3.0,3.0,5aa4c7794eecca0001dde769,9.0,8.5,2.8333333333333335,3.0,1.0,1.0,1.0,1.0,2.0,3,1
22,23,1980-01-01 00:00:00,5.0,en,1563560646,27.0,1,Graduate (University),,Employed full-time,,6.0,5.0,10.0,5.0,0,0,0,0,0,0,0,0,0,0,1,0,6.0,7.0,7.0,7.0,5.0,-1,,4.0,4.0,4.0,1,0,0.8,0,0,0.6,0,0,0.6,4.0,4.0,3.0,4.0,4.0,4.0,4.0,4.0,5.0,3.0,5.0,3.0,3.0,3.0,3.0,3.0,3.0,3.0,3.0,3.0,3.0,3.0,3.0,612252e1143216231e134d68,6.0,8.0,4.166666666666667,3.0,1.0,1.0,1.0,1.0,1.0,3,0
23,24,1980-01-01 00:00:00,5.0,en,1183133203,51.0,0,Graduate (University),,Self-employed,,1.0,4.0,4.0,1.0,0,0,0,0,0,0,0,0,0,0,1,0,5.0,1.0,5.0,10.0,4.0,0,,3.0,3.0,4.0,1,0,0.2,0,0,0.2,0,0,0.2,4.0,4.0,4.0,4.0,7.0,1.0,1.0,1.0,1.0,1.0,1.0,1.0,1.0,1.0,1.0,1.0,1.0,1.0,1.0,1.0,1.0,1.0,1.0,610d7c6a95a9ebcd19ba63ab,10.0,7.0,1.0,1.0,1.0,0.0,1.0,0.0,0.0,0,0
24,25,1980-01-01 00:00:00,5.0,en,1635490089,38.0,1,Completed vocational training,,Employed full-time,,6.0,5.0,8.0,2.0,0,0,0,0,0,1,0,0,1,0,0,0,3.0,3.0,3.0,3.0,7.0,0,,5.0,5.0,5.0,1,0,0.8,0,0,0.6,0,0,0.6,6.0,4.0,3.0,3.0,2.0,4.0,4.0,4.0,4.0,1.0,4.0,3.0,3.0,3.0,3.0,1.0,3.0,3.0,3.0,3.0,3.0,1.0,4.0,5ccb55d3ce1ed50016360b57,9.0,8.5,3.5,2.8333333333333335,2.0,1.0,2.0,2.0,3.0,3,4
25,26,1980-01-01 00:00:00,5.0,en,61244384,23.0,0,Undergraduate (University),,Employed part-time,,3.0,3.0,8.0,2.0,0,0,0,1,0,0,0,1,1,0,0,0,6.0,6.0,4.0,4.0,5.0,-1,,4.0,4.0,4.0,1,1,0.8,0,0,0.6,0,0,0.6,5.0,5.0,6.0,6.0,3.0,4.0,4.0,4.0,5.0,4.0,4.0,3.0,3.0,3.0,3.0,3.0,3.0,3.0,3.0,3.0,3.0,3.0,3.0,5f2dde4be81ec512f26e09e8,9.0,8.5,4.166666666666667,3.0,1.0,0.0,1.0,1.0,0.0,2,1
26,27,1980-01-01 00:00:00,5.0,en,1695489982,34.0,1,Undergraduate (University),,Self-employed,,3.0,2.0,10.0,1.0,1,1,1,0,1,0,0,1,0,0,0,Dailymail,3.0,5.0,3.0,5.0,2.0,1,,5.0,4.0,6.0,1,0,0.8,1,0,0.6,0,0,0.6,5.0,6.0,2.0,5.0,4.0,2.0,2.0,2.0,5.0,3.0,3.0,2.0,4.0,3.0,3.0,1.0,3.0,3.0,3.0,3.0,3.0,2.0,3.0,5f2f03deec679e2cf4a992e6,10.0,10.0,2.8333333333333335,2.8333333333333335,3.0,3.0,2.0,4.0,4.0,0,1
27,28,1980-01-01 00:00:00,5.0,en,952862238,22.0,0,Graduate (University),,Self-employed,,7.0,9.0,10.0,5.0,1,0,0,1,1,0,0,1,1,1,0,0,7.0,10.0,9.0,10.0,2.0,-1,,4.0,5.0,4.0,0,0,0.8,0,0,0.8,0,0,0.8,5.0,5.0,5.0,5.0,5.0,3.0,3.0,3.0,3.0,3.0,3.0,3.0,3.0,3.0,3.0,3.0,3.0,3.0,3.0,3.0,3.0,3.0,3.0,5f1696cf435271377d1a278d,6.0,8.0,3.0,3.0,2.0,3.0,3.0,2.0,3.0,0,0
28,29,1980-01-01 00:00:00,5.0,en,466447583,42.0,1,Graduate (University),,Self-employed,,3.0,6.0,9.0,2.0,0,0,0,1,0,0,0,0,0,0,0,"NPR, AP",4.0,5.0,5.0,5.0,7.0,-1,,5.0,4.0,4.0,1,1,0.8,0,0,0.6,0,0,0.6,5.0,4.0,3.0,5.0,2.0,4.0,4.0,4.0,5.0,3.0,3.0,3.0,3.0,3.0,3.0,3.0,5.0,3.0,3.0,3.0,3.0,3.0,5.0,5b54ce6fb7ef510001676f99,9.0,9.0,3.8333333333333335,3.3333333333333335,2.0,2.0,3.0,3.0,3.0,0,0
29,30,1980-01-01 00:00:00,5.0,en,500066218,21.0,0,Undergraduate (University),,Employed full-time,,7.0,6.0,10.0,3.0,0,0,0,0,0,0,0,1,0,0,0,0,5.0,7.0,7.0,6.0,7.0,-1,,5.0,4.0,4.0,1,1,0.6,1,1,0.6,1,1,0.6,4.0,4.0,3.0,6.0,3.0,2.0,3.0,2.0,4.0,1.0,3.0,2.0,3.0,2.0,3.0,1.0,3.0,2.0,3.0,2.0,3.0,1.0,3.0,60fcec77c349819a0afe600b,8.0,9.0,2.5,2.3333333333333335,2.0,3.0,3.0,3.0,3.0,3,1
30,31,1980-01-01 00:00:00,5.0,en,1018744540,46.0,1,High school,,Homemaker,,3.0,9.0,10.0,1.0,0,0,0,0,0,0,0,0,0,0,1,0,3.0,7.0,6.0,6.0,6.0,-1,,5.0,4.0,4.0,1,1,0.8,0,0,0.6,0,0,0.6,4.0,2.0,1.0,6.0,2.0,4.0,5.0,5.0,5.0,4.0,5.0,3.0,3.0,3.0,3.0,1.0,5.0,3.0,3.0,3.0,3.0,1.0,5.0,5808f958b648e600016375dd,10.0,10.0,4.666666666666667,3.0,1.0,2.0,2.0,2.0,4.0,5,3
31,32,1980-01-01 00:00:00,5.0,en,725322616,27.0,0,Graduate (University),,Employed full-time,,3.0,7.0,9.0,2.0,0,1,1,1,0,0,0,1,0,1,0,0,7.0,7.0,5.0,5.0,5.0,-1,,4.0,4.0,4.0,0,0,0.6,0,0,0.6,0,0,0.6,4.0,5.0,5.0,5.0,3.0,3.0,3.0,3.0,4.0,2.0,2.0,3.0,3.0,3.0,4.0,2.0,2.0,3.0,3.0,3.0,4.0,2.0,2.0,6422265578963ff5d3dbd0b2,9.0,9.0,2.8333333333333335,2.8333333333333335,1.0,1.0,1.0,1.0,0.0,3,0
32,33,1980-01-01 00:00:00,5.0,en,1973625307,25.0,0,Undergraduate (University),,Employed full-time,,8.0,5.0,8.0,5.0,0,1,0,0,0,0,0,1,0,0,0,0,5.0,5.0,6.0,6.0,5.0,-1,,5.0,4.0,4.0,1,1,0.6,0,0,0.6,1,0,0.6,3.0,4.0,4.0,5.0,2.0,3.0,3.0,2.0,5.0,3.0,5.0,3.0,3.0,3.0,4.0,3.0,4.0,3.0,3.0,3.0,4.0,3.0,4.0,5e34ac3b5aa70048c5b2a2f3,6.0,7.0,3.5,3.3333333333333335,0.0,2.0,1.0,1.0,1.0,3,1
33,34,1980-01-01 00:00:00,5.0,en,966035118,28.0,1,High school,,Employed part-time,,8.0,9.0,10.0,4.0,0,0,0,0,0,0,0,0,0,0,1,0,2.0,8.0,8.0,6.0,4.0,-1,,4.0,4.0,4.0,1,1,1.0,0,0,0.8,0,0,0.8,4.0,4.0,4.0,4.0,4.0,4.0,5.0,4.0,5.0,1.0,5.0,4.0,5.0,4.0,4.0,1.0,5.0,4.0,4.0,4.0,5.0,1.0,5.0,5f4c5eda037ed5165232d0a0,7.0,8.5,4.0,3.8333333333333335,0.0,0.0,0.0,0.0,0.0,2,3
34,35,1980-01-01 00:00:00,5.0,en,1004167639,35.0,0,High school,,Employed full-time,,2.0,6.0,8.0,4.0,0,0,0,0,0,1,0,0,0,0,0,0,4.0,6.0,4.0,5.0,7.0,-1,,4.0,3.0,4.0,1,1,0.6,0,0,0.6,0,0,0.6,3.0,3.0,2.0,4.0,2.0,2.0,2.0,3.0,3.0,1.0,3.0,2.0,2.0,3.0,3.0,1.0,2.0,2.0,2.0,3.0,2.0,1.0,1.0,63f87774aee5dc0602bf3419,7.0,7.5,2.3333333333333335,1.8333333333333333,3.0,4.0,4.0,3.0,4.0,3,3
35,36,1980-01-01 00:00:00,5.0,en,770809557,40.0,1,Undergraduate (University),,Employed part-time,,8.0,6.0,9.0,3.0,1,1,1,1,1,1,1,1,1,1,0,0,2.0,2.0,2.0,2.0,5.0,0,,4.0,4.0,4.0,1,1,0.6,0,0,0.6,0,0,0.6,4.0,5.0,5.0,5.0,4.0,3.0,3.0,3.0,4.0,2.0,3.0,3.0,3.0,3.0,3.0,2.0,3.0,3.0,3.0,3.0,3.0,2.0,3.0,5e84c817507cd3066a527e5e,8.0,8.5,3.0,2.8333333333333335,1.0,1.0,1.0,1.0,0.0,2,1
36,37,1980-01-01 00:00:00,5.0,en,1950545181,23.0,0,Undergraduate (University),,Employed full-time,,3.0,1.0,7.0,5.0,0,1,1,1,1,0,0,1,1,1,0,0,3.0,8.0,5.0,5.0,7.0,-1,,4.0,4.0,4.0,1,0,0.8,0,0,0.6,0,0,0.6,4.0,2.0,6.0,4.0,4.0,3.0,2.0,3.0,4.0,1.0,3.0,3.0,3.0,3.0,3.0,3.0,3.0,3.0,3.0,3.0,3.0,3.0,3.0,5fb34c59be8dfaa85d637cb5,6.0,6.5,2.6666666666666665,3.0,3.0,3.0,3.0,3.0,5.0,3,1
37,38,1980-01-01 00:00:00,5.0,en,1724428046,49.0,1,Undergraduate (University),,Employed full-time,,6.0,8.0,9.0,5.0,0,0,0,0,0,0,0,1,1,0,0,0,7.0,1.0,7.0,3.0,3.0,-1,,6.0,4.0,5.0,1,1,0.8,0,0,0.6,0,0,0.6,5.0,6.0,7.0,5.0,4.0,4.0,4.0,4.0,5.0,4.0,5.0,3.0,3.0,3.0,3.0,3.0,5.0,3.0,3.0,3.0,3.0,3.0,5.0,5dda942451c6d29ef6b84635,6.0,7.5,4.333333333333333,3.3333333333333335,3.0,2.0,1.0,2.0,3.0,3,1
38,39,1980-01-01 00:00:00,5.0,en,969161877,38.0,0,High school,,Employed full-time,,4.0,3.0,9.0,2.0,0,0,0,0,0,0,0,0,0,0,1,0,5.0,3.0,3.0,5.0,4.0,-1,,4.0,4.0,3.0,1,0,0.6,0,0,0.4,0,0,0.4,2.0,3.0,3.0,3.0,3.0,3.0,3.0,3.0,3.0,3.0,3.0,3.0,3.0,3.0,3.0,4.0,4.0,4.0,3.0,3.0,3.0,3.0,3.0,600f455bb9d3f7107e673797@email.prolific.co,9.0,9.0,3.0,3.1666666666666665,0.0,2.0,0.0,1.0,1.0,3,3
39,40,1980-01-01 00:00:00,5.0,en,1071167840,34.0,0,Graduate (University),,Employed part-time,,9.0,3.0,9.0,1.0,0,0,1,1,1,0,0,1,1,1,0,0,6.0,8.0,6.0,3.0,6.0,-1,,6.0,6.0,6.0,0,0,0.8,0,0,0.8,0,0,0.8,6.0,3.0,6.0,6.0,3.0,3.0,3.0,2.0,2.0,1.0,3.0,3.0,3.0,3.0,2.0,2.0,2.0,3.0,3.0,3.0,2.0,2.0,2.0,60fe2fca7cb19f2601f75d3c,10.0,9.5,2.3333333333333335,2.5,0.0,0.0,0.0,0.0,3.0,2,0
40,41,1980-01-01 00:00:00,5.0,en,1737749124,40.0,1,Undergraduate (University),,Employed full-time,,4.0,6.0,10.0,1.0,0,0,0,0,0,0,0,0,0,0,1,0,4.0,2.0,2.0,2.0,7.0,-1,,3.0,3.0,3.0,1,1,0.6,0,0,0.6,0,0,0.6,3.0,2.0,2.0,4.0,1.0,3.0,2.0,2.0,4.0,1.0,3.0,3.0,3.0,3.0,3.0,3.0,3.0,3.0,3.0,3.0,3.0,3.0,3.0,558b8473fdf99b21155f2c40,10.0,10.0,2.5,3.0,4.0,4.0,4.0,4.0,5.0,3,1
41,42,1980-01-01 00:00:00,5.0,en,1285405393,40.0,0,Graduate (University),,Employed full-time,,3.0,2.0,9.0,5.0,0,0,1,1,0,1,0,1,1,0,0,0,5.0,3.0,6.0,5.0,6.0,-1,,7.0,6.0,6.0,1,1,0.8,1,0,0.6,1,0,0.6,5.0,3.0,2.0,4.0,4.0,3.0,4.0,3.0,4.0,3.0,2.0,3.0,3.0,4.0,4.0,3.0,2.0,3.0,3.0,3.0,4.0,3.0,3.0,5f96ae079554ed0256dc3c0b,6.0,7.5,3.1666666666666665,3.1666666666666665,1.0,1.0,0.0,0.0,3.0,3,0
42,43,1980-01-01 00:00:00,5.0,en,223244836,22.0,0,High school,,Homemaker,,2.0,1.0,8.0,3.0,0,0,0,0,0,0,0,0,0,0,1,0,5.0,8.0,1.0,4.0,1.0,1,,4.0,4.0,4.0,0,0,0.6,0,0,0.6,0,0,0.6,4.0,5.0,7.0,5.0,3.0,3.0,4.0,4.0,5.0,1.0,4.0,3.0,3.0,4.0,5.0,1.0,1.0,3.0,4.0,4.0,5.0,1.0,1.0,5f3435be6fd6892fdc74b607,8.0,8.0,3.5,3.0,3.0,3.0,3.0,3.0,4.0,5,3
43,44,1980-01-01 00:00:00,5.0,en,1688459090,44.0,0,Completed vocational training,,Employed part-time,,6.0,6.0,9.0,1.0,1,0,0,0,0,0,0,0,0,0,0,0,6.0,6.0,5.0,6.0,3.0,1,,6.0,6.0,6.0,1,0,0.6,0,0,0.6,0,0,0.6,5.0,7.0,5.0,7.0,4.0,1.0,1.0,1.0,4.0,1.0,1.0,1.0,1.0,1.0,3.0,1.0,1.0,1.0,1.0,1.0,3.0,1.0,1.0,62a4b2a2831b53dc1beeaab3,10.0,9.5,1.5,1.3333333333333333,3.0,2.0,3.0,3.0,4.0,2,4
44,45,1980-01-01 00:00:00,5.0,en,1827079432,29.0,0,Graduate (University),,Employed full-time,,5.0,10.0,10.0,1.0,0,0,0,0,0,0,0,1,0,0,0,0,8.0,5.0,6.0,7.0,5.0,-1,,4.0,5.0,4.0,1,1,0.6,0,0,0.6,1,0,0.6,5.0,3.0,2.0,4.0,3.0,4.0,4.0,5.0,5.0,1.0,5.0,3.0,4.0,4.0,4.0,1.0,5.0,3.0,3.0,3.0,3.0,3.0,3.0,60b67d59dc0a4a180a1a9ccb,10.0,10.0,4.0,3.0,1.0,0.0,0.0,1.0,2.0,3,0
45,46,1980-01-01 00:00:00,5.0,en,1392975060,49.0,0,Undergraduate (University),,Homemaker,,1.0,5.0,10.0,2.0,0,0,0,0,0,0,0,0,0,0,1,0,7.0,5.0,5.0,5.0,6.0,-1,,4.0,4.0,4.0,1,1,0.6,0,0,0.6,0,0,0.6,4.0,5.0,5.0,5.0,3.0,3.0,4.0,4.0,4.0,3.0,5.0,3.0,3.0,3.0,3.0,3.0,4.0,3.0,3.0,3.0,3.0,3.0,4.0,63b70545b179c880f765bc4c,9.0,9.5,3.8333333333333335,3.1666666666666665,2.0,2.0,2.0,2.0,1.0,5,1
46,47,1980-01-01 00:00:00,5.0,en,2052439528,34.0,0,Completed vocational training,,Employed full-time,,2.0,6.0,7.0,1.0,0,0,0,0,0,0,0,0,0,0,1,0,4.0,7.0,6.0,5.0,7.0,-1,,4.0,4.0,4.0,0,0,0.6,0,0,0.6,0,0,0.6,4.0,4.0,5.0,3.0,4.0,3.0,3.0,3.0,3.0,3.0,3.0,3.0,3.0,3.0,3.0,3.0,3.0,3.0,3.0,3.0,3.0,3.0,3.0,63d13b586b230d231577a44b@email.prolific.co,10.0,8.5,3.0,3.0,3.0,3.0,3.0,3.0,3.0,3,4
47,48,1980-01-01 00:00:00,5.0,en,1383966349,22.0,1,High school,,Student,,3.0,4.0,7.0,6.0,0,0,0,0,0,0,0,0,0,0,1,0,4.0,5.0,5.0,6.0,4.0,0,,4.0,4.0,4.0,1,1,0.4,0,0,0.6,0,0,0.6,6.0,6.0,6.0,5.0,4.0,2.0,3.0,2.0,4.0,3.0,4.0,2.0,3.0,3.0,3.0,3.0,3.0,2.0,3.0,3.0,3.0,3.0,3.0,5efdb606c4efc321289cb3be,5.0,6.0,3.0,2.8333333333333335,0.0,2.0,0.0,0.0,2.0,1,3
48,49,1980-01-01 00:00:00,5.0,en,177783818,53.0,0,Undergraduate (University),,Employed full-time,,2.0,8.0,10.0,4.0,0,0,0,0,1,0,0,0,0,0,0,0,4.0,9.0,7.0,7.0,6.0,-1,,4.0,4.0,4.0,1,0,0.6,0,0,0.6,0,0,0.6,4.0,3.0,2.0,4.0,2.0,3.0,3.0,3.0,4.0,2.0,4.0,3.0,3.0,3.0,3.0,3.0,3.0,3.0,3.0,3.0,3.0,3.0,3.0,5dd348356d522535afddc44e,7.0,8.5,3.1666666666666665,3.0,2.0,2.0,2.0,2.0,3.0,3,1
49,50,1980-01-01 00:00:00,5.0,en,1204507767,39.0,1,Undergraduate (University),,Employed full-time,,1.0,3.0,6.0,1.0,0,0,0,0,0,0,0,0,0,0,1,0,7.0,4.0,7.0,6.0,6.0,-1,,5.0,5.0,5.0,1,1,0.8,0,0,0.6,0,0,0.6,6.0,6.0,4.0,6.0,2.0,4.0,4.0,4.0,4.0,4.0,4.0,3.0,3.0,3.0,3.0,3.0,3.0,3.0,3.0,3.0,3.0,3.0,3.0,63d94472927e6eb086a7aa36,10.0,8.0,4.0,3.0,1.0,0.0,1.0,1.0,0.0,3,1
50,51,1980-01-01 00:00:00,5.0,en,2095076637,24.0,0,Undergraduate (University),,Employed full-time,,4.0,7.0,6.0,1.0,0,0,0,0,0,0,0,0,0,0,1,0,2.0,5.0,5.0,5.0,5.0,-1,,4.0,4.0,4.0,1,1,0.8,0,0,0.6,0,0,0.6,4.0,5.0,3.0,7.0,4.0,2.0,4.0,3.0,5.0,2.0,5.0,3.0,3.0,3.0,3.0,3.0,3.0,3.0,3.0,3.0,3.0,3.0,3.0,610184b85f6357139bc4c9eb,10.0,8.0,3.5,3.0,1.0,1.0,1.0,1.0,0.0,3,1
51,52,1980-01-01 00:00:00,5.0,en,1175601390,39.0,1,PhD (University),,Employed full-time,,3.0,6.0,8.0,4.0,0,0,1,0,0,0,0,0,0,0,0,0,9.0,5.0,5.0,5.0,5.0,0,,4.0,4.0,4.0,0,0,0.4,0,0,0.4,0,0,0.4,4.0,4.0,4.0,5.0,3.0,3.0,2.0,2.0,4.0,1.0,4.0,3.0,3.0,3.0,3.0,1.0,2.0,3.0,3.0,3.0,3.0,1.0,2.0,5a1625bf728b1b0001ada452,7.0,7.5,2.6666666666666665,2.5,1.0,1.0,1.0,1.0,1.0,3,6
52,53,1980-01-01 00:00:00,5.0,en,1186131164,27.0,0,Graduate (University),,Unemployed,,8.0,5.0,10.0,2.0,0,1,0,1,0,0,0,1,0,0,0,0,3.0,5.0,5.0,5.0,5.0,-1,,5.0,3.0,4.0,1,1,0.8,1,0,0.6,0,0,0.6,5.0,3.0,4.0,6.0,3.0,5.0,5.0,5.0,5.0,5.0,5.0,5.0,5.0,5.0,5.0,5.0,5.0,5.0,5.0,5.0,5.0,5.0,5.0,64526526ef0b6d0e638e886b,9.0,9.5,5.0,5.0,0.0,0.0,2.0,1.0,2.0,6,0
53,54,1980-01-01 00:00:00,5.0,en,1658171292,21.0,0,Undergraduate (University),,Student,,5.0,2.0,9.0,2.0,0,0,0,0,0,0,0,0,0,0,1,0,6.0,5.0,5.0,5.0,3.0,Other,Libertarian ,4.0,5.0,5.0,0,0,0.6,0,0,0.6,0,0,0.6,5.0,6.0,6.0,6.0,4.0,3.0,3.0,3.0,3.0,3.0,3.0,3.0,3.0,3.0,3.0,3.0,3.0,3.0,3.0,3.0,3.0,3.0,3.0,61082801c7c60120ef0f823c,9.0,9.0,3.0,3.0,1.0,2.0,2.0,2.0,3.0,1,1
54,55,1980-01-01 00:00:00,5.0,en,946722695,29.0,0,Graduate (University),,Employed full-time,,4.0,4.0,6.0,5.0,0,0,0,0,0,0,0,0,0,0,1,0,5.0,4.0,6.0,5.0,3.0,0,,4.0,5.0,5.0,1,1,0.6,1,0,0.6,1,0,0.6,4.0,5.0,5.0,5.0,3.0,3.0,3.0,3.0,4.0,3.0,4.0,3.0,4.0,3.0,4.0,2.0,2.0,3.0,3.0,3.0,2.0,3.0,3.0,5ec68ab50b73c1086a75adc6,6.0,6.0,3.3333333333333335,2.8333333333333335,1.0,1.0,2.0,2.0,2.0,3,0
55,56,1980-01-01 00:00:00,5.0,en,2080832494,31.0,1,High school,,Self-employed,,6.0,4.0,7.0,4.0,0,0,0,0,0,0,0,0,0,0,1,0,5.0,4.0,6.0,6.0,4.0,0,,5.0,4.0,4.0,1,0,0.8,0,0,0.6,0,0,0.6,4.0,5.0,3.0,5.0,4.0,3.0,3.0,3.0,4.0,3.0,4.0,3.0,3.0,3.0,3.0,3.0,3.0,3.0,3.0,3.0,3.0,3.0,3.0,5e69d69465f14102e116627b,7.0,7.0,3.3333333333333335,3.0,1.0,0.0,0.0,0.0,1.0,0,3
56,57,1980-01-01 00:00:00,5.0,en,853224501,39.0,1,Completed vocational training,,Self-employed,,9.0,4.0,8.0,4.0,0,0,0,0,0,0,0,0,0,0,1,0,7.0,1.0,5.0,6.0,6.0,0,,4.0,4.0,4.0,1,1,0.8,0,0,0.6,0,0,0.6,4.0,3.0,2.0,6.0,3.0,2.0,3.0,3.0,3.0,1.0,2.0,3.0,3.0,3.0,2.0,1.0,1.0,3.0,3.0,3.0,3.0,1.0,1.0,6323871af24c02d8bfb205f5,7.0,7.5,2.3333333333333335,2.3333333333333335,2.0,2.0,2.0,2.0,3.0,0,4
57,58,1980-01-01 00:00:00,5.0,en,398710111,57.0,1,Undergraduate (University),,Unemployed,,5.0,5.0,9.0,4.0,0,0,0,0,0,0,0,0,0,0,1,0,5.0,5.0,5.0,5.0,6.0,-1,,4.0,4.0,4.0,1,0,0.8,0,0,0.6,0,0,0.6,4.0,4.0,5.0,2.0,5.0,4.0,2.0,3.0,5.0,1.0,1.0,3.0,3.0,3.0,3.0,1.0,1.0,3.0,3.0,3.0,3.0,1.0,1.0,62ec557954bc435fb9b35517,7.0,8.0,2.6666666666666665,2.3333333333333335,2.0,2.0,2.0,2.0,2.0,6,1
58,59,1980-01-01 00:00:00,5.0,en,1529445053,33.0,0,Undergraduate (University),,Unemployed,,3.0,5.0,10.0,4.0,0,0,0,0,0,0,0,0,0,0,1,0,3.0,7.0,6.0,6.0,7.0,Other,No Party Affiliation,4.0,4.0,4.0,1,0,0.6,0,0,0.6,0,0,0.6,4.0,3.0,4.0,5.0,2.0,3.0,2.0,3.0,4.0,1.0,1.0,3.0,2.0,3.0,3.0,1.0,1.0,3.0,2.0,3.0,3.0,1.0,1.0,608c8a30f56774708f1481d1,7.0,8.5,2.3333333333333335,2.1666666666666665,3.0,3.0,3.0,3.0,4.0,6,1
59,60,1980-01-01 00:00:00,5.0,en,1734422934,38.0,1,PhD (University),,Employed full-time,,7.0,5.0,9.0,4.0,0,0,0,0,0,0,0,1,0,0,0,0,7.0,5.0,4.0,6.0,5.0,-1,,4.0,4.0,4.0,1,1,0.8,1,0,0.6,1,0,0.6,4.0,3.0,1.0,4.0,1.0,4.0,3.0,3.0,4.0,1.0,4.0,4.0,3.0,3.0,3.0,3.0,3.0,3.0,3.0,3.0,3.0,3.0,3.0,63634917371cd21a6da4ff10,7.0,8.0,3.1666666666666665,3.0,1.0,1.0,1.0,1.0,2.0,3,6
60,61,1980-01-01 00:00:00,5.0,en,621534463,20.0,0,High school,,Student,,4.0,6.0,10.0,1.0,0,0,1,0,0,0,0,1,0,0,0,0,7.0,5.0,5.0,5.0,6.0,-1,,4.0,4.0,4.0,1,1,0.8,0,0,0.6,0,0,0.6,4.0,3.0,5.0,4.0,1.0,3.0,3.0,3.0,4.0,2.0,5.0,3.0,3.0,3.0,3.0,3.0,3.0,3.0,3.0,3.0,3.0,3.0,3.0,6039b3699649cf4b48cd3d12,10.0,10.0,3.3333333333333335,3.0,2.0,2.0,2.0,2.0,3.0,1,3
61,62,1980-01-01 00:00:00,5.0,en,42797428,28.0,1,Undergraduate (University),,Employed full-time,,3.0,7.0,10.0,4.0,0,0,0,1,1,0,0,0,1,1,0,0,8.0,2.0,6.0,8.0,5.0,-1,,7.0,6.0,4.0,1,1,0.8,0,0,0.6,1,0,0.6,6.0,7.0,2.0,6.0,4.0,4.0,4.0,4.0,5.0,2.0,4.0,4.0,4.0,4.0,5.0,1.0,3.0,3.0,3.0,3.0,3.0,1.0,1.0,605fa46fdafbf129160d1777,7.0,8.5,3.8333333333333335,2.3333333333333335,2.0,1.0,1.0,1.0,2.0,3,1
63,64,1980-01-01 00:00:00,5.0,en,54059515,32.0,1,Elementary/high school diploma,,Self-employed,,4.0,4.0,9.0,6.0,0,0,0,0,1,0,0,0,0,0,0,0,4.0,6.0,6.0,6.0,5.0,0,,4.0,4.0,4.0,1,0,0.6,0,0,0.6,0,0,0.6,4.0,4.0,4.0,4.0,4.0,3.0,3.0,3.0,4.0,3.0,3.0,3.0,3.0,3.0,4.0,3.0,3.0,3.0,3.0,3.0,4.0,3.0,3.0,628b8ef9ef5432197c27bbc9,5.0,7.0,3.1666666666666665,3.1666666666666665,1.0,1.0,1.0,1.0,1.0,0,2
64,65,1980-01-01 00:00:00,5.0,en,1909973338,38.0,1,Undergraduate (University),,Employed full-time,,6.0,3.0,8.0,8.0,0,0,0,0,0,0,0,0,0,0,1,0,6.0,5.0,5.0,5.0,4.0,0,,4.0,4.0,4.0,1,0,0.6,0,0,0.2,0,0,0.2,4.0,4.0,4.0,4.0,4.0,4.0,4.0,4.0,4.0,1.0,5.0,3.0,3.0,3.0,3.0,3.0,3.0,3.0,3.0,3.0,3.0,3.0,3.0,5ff7c0aca2b5844e7af63fc4,3.0,5.5,3.6666666666666665,3.0,0.0,0.0,0.0,0.0,0.0,3,1
65,66,1980-01-01 00:00:00,5.0,en,30790786,50.0,1,Graduate (University),,Employed full-time,,2.0,5.0,8.0,2.0,0,1,1,0,1,0,0,1,0,1,0,0,7.0,4.0,6.0,7.0,6.0,-1,,4.0,4.0,4.0,1,1,0.8,0,0,0.6,0,0,0.6,4.0,3.0,3.0,5.0,2.0,3.0,3.0,3.0,4.0,4.0,5.0,3.0,3.0,3.0,3.0,3.0,4.0,3.0,3.0,3.0,3.0,3.0,4.0,630fadc5c6bf2f6d623f5775,9.0,8.5,3.6666666666666665,3.1666666666666665,2.0,2.0,2.0,2.0,3.0,3,0
66,67,1980-01-01 00:00:00,5.0,en,1953242558,27.0,1,High school,,Employed full-time,,7.0,3.0,9.0,9.0,0,1,0,0,0,0,0,1,0,0,0,0,6.0,6.0,4.0,6.0,5.0,0,,5.0,4.0,4.0,1,1,0.8,0,0,0.6,0,0,0.6,4.0,2.0,6.0,5.0,2.0,3.0,3.0,3.0,4.0,3.0,5.0,3.0,3.0,3.0,3.0,3.0,3.0,3.0,3.0,3.0,3.0,3.0,3.0,5bdce7ec9b3c6a000115718f,2.0,5.5,3.5,3.0,0.0,1.0,1.0,1.0,3.0,3,3
67,68,1980-01-01 00:00:00,5.0,en,1244412151,38.0,1,Undergraduate (University),,Employed full-time,,1.0,7.0,6.0,2.0,0,0,0,0,0,0,0,0,0,0,1,0,4.0,5.0,5.0,5.0,7.0,-1,,4.0,4.0,4.0,1,1,0.2,0,0,0.6,0,0,0.6,4.0,4.0,4.0,4.0,4.0,3.0,1.0,1.0,1.0,1.0,1.0,3.0,3.0,3.0,3.0,3.0,3.0,3.0,3.0,3.0,3.0,3.0,3.0,5484949efdf99b0379939cc6,9.0,7.5,1.3333333333333333,3.0,3.0,3.0,3.0,3.0,3.0,3,1
68,69,1980-01-01 00:00:00,5.0,en,1374944962,39.0,1,Undergraduate (University),,Unemployed,,3.0,4.0,7.0,1.0,0,0,0,0,0,0,0,0,0,0,1,0,6.0,7.0,7.0,6.0,6.0,1,,5.0,4.0,4.0,1,1,0.6,0,0,0.6,0,0,0.6,5.0,5.0,6.0,5.0,4.0,3.0,4.0,4.0,5.0,3.0,3.0,3.0,3.0,3.0,3.0,3.0,3.0,3.0,3.0,3.0,3.0,3.0,3.0,5e3dff6b8714b707b9a258b0,10.0,8.5,3.6666666666666665,3.0,1.0,1.0,2.0,2.0,1.0,6,1
69,70,1980-01-01 00:00:00,5.0,en,954775517,32.0,1,Undergraduate (University),,Employed full-time,,6.0,6.0,10.0,4.0,0,0,0,1,0,0,0,1,0,1,0,0,4.0,1.0,10.0,2.0,6.0,-1,,6.0,5.0,5.0,1,0,0.8,0,0,0.6,0,0,0.6,4.0,5.0,7.0,6.0,3.0,4.0,4.0,4.0,5.0,4.0,5.0,3.0,3.0,3.0,3.0,3.0,3.0,3.0,3.0,3.0,3.0,3.0,3.0,5c6a617c4330ba000182510e,7.0,8.5,4.333333333333333,3.0,0.0,2.0,1.0,1.0,1.0,3,1
70,71,1980-01-01 00:00:00,5.0,en,1741001066,26.0,0,Undergraduate (University),,Employed full-time,,6.0,7.0,9.0,5.0,0,0,0,0,0,0,0,0,0,0,1,0,4.0,6.0,5.0,6.0,5.0,-1,,5.0,4.0,4.0,1,1,0.8,0,0,0.6,0,0,0.6,5.0,5.0,5.0,5.0,4.0,4.0,5.0,5.0,5.0,4.0,5.0,3.0,3.0,3.0,3.0,3.0,3.0,3.0,3.0,3.0,3.0,3.0,3.0,5f1f9c1e6342c31c5c9ebe0a,6.0,7.5,4.666666666666667,3.0,0.0,0.0,1.0,1.0,0.0,3,1
72,73,1980-01-01 00:00:00,5.0,en,1554672716,37.0,1,Graduate (University),,Employed full-time,,7.0,5.0,8.0,5.0,0,0,0,0,0,0,0,0,0,0,1,0,7.0,4.0,4.0,6.0,4.0,0,,4.0,4.0,4.0,1,1,0.8,0,0,0.2,0,0,0.2,5.0,5.0,4.0,5.0,4.0,5.0,5.0,5.0,5.0,5.0,5.0,3.0,3.0,3.0,3.0,3.0,3.0,3.0,3.0,3.0,3.0,3.0,3.0,5ea96c415a6a4e068b6d1e84,6.0,7.0,5.0,3.0,0.0,1.0,0.0,0.0,1.0,3,0
73,74,1980-01-01 00:00:00,5.0,en,902678545,34.0,0,PhD (University),,Employed full-time,,1.0,6.0,8.0,6.0,0,0,0,0,0,0,0,0,0,0,1,0,7.0,5.0,3.0,7.0,4.0,0,,4.0,4.0,4.0,1,1,0.8,0,0,0.2,0,0,0.2,5.0,5.0,4.0,5.0,3.0,5.0,5.0,5.0,5.0,5.0,5.0,3.0,3.0,3.0,3.0,3.0,3.0,3.0,3.0,3.0,3.0,3.0,3.0,5eb4a91af2291f30f6b73c9c,5.0,6.5,5.0,3.0,0.0,1.0,0.0,0.0,1.0,3,6
74,75,1980-01-01 00:00:00,5.0,en,2055789836,35.0,0,Graduate (University),,Homemaker,,7.0,7.0,9.0,6.0,0,0,0,0,0,0,0,0,0,0,1,0,6.0,6.0,6.0,6.0,4.0,0,,4.0,4.0,4.0,1,1,1.0,0,0,0.6,0,0,0.6,4.0,5.0,5.0,4.0,4.0,5.0,5.0,5.0,5.0,5.0,5.0,4.0,4.0,4.0,4.0,3.0,5.0,4.0,4.0,4.0,4.0,2.0,5.0,5bb6c8c870f8df0001bfbb6c,5.0,7.0,5.0,3.8333333333333335,0.0,0.0,0.0,0.0,1.0,5,0
75,76,1980-01-01 00:00:00,5.0,en,1724607921,35.0,1,Undergraduate (University),,Employed full-time,,7.0,7.0,6.0,4.0,1,1,0,0,0,0,0,1,0,1,0,0,7.0,5.0,5.0,10.0,4.0,0,,4.0,4.0,4.0,1,1,0.8,0,0,0.6,0,0,0.6,4.0,4.0,4.0,4.0,4.0,3.0,3.0,3.0,4.0,4.0,4.0,3.0,3.0,3.0,3.0,3.0,3.0,3.0,3.0,3.0,3.0,3.0,3.0,5ed5d28a7981f617185819ff,7.0,6.5,3.5,3.0,0.0,0.0,0.0,0.0,0.0,3,1
77,78,1980-01-01 00:00:00,5.0,en,1128634109,58.0,0,Other,MD,Retired,,2.0,2.0,7.0,2.0,0,0,0,0,0,0,0,0,0,0,0,"wsws, the guardian, counterpunch",7.0,9.0,4.0,2.0,7.0,Other,none; progressive,4.0,4.0,4.0,1,0,0.8,0,0,0.6,0,0,0.6,4.0,2.0,1.0,3.0,1.0,3.0,3.0,3.0,4.0,2.0,4.0,3.0,3.0,3.0,3.0,3.0,3.0,3.0,3.0,3.0,3.0,3.0,3.0,5e5e5b2488479216d9171d1b,9.0,8.0,3.1666666666666665,3.0,3.0,3.0,3.0,3.0,5.0,4,7
78,79,1980-01-01 00:00:00,5.0,en,20400656,40.0,1,Graduate (University),,Employed full-time,,4.0,9.0,8.0,2.0,0,1,0,1,1,0,0,1,0,0,0,0,7.0,8.0,6.0,7.0,5.0,0,,4.0,3.0,4.0,1,0,0.8,0,0,0.6,0,0,0.6,4.0,5.0,3.0,4.0,3.0,4.0,4.0,3.0,4.0,3.0,4.0,4.0,3.0,3.0,4.0,2.0,3.0,4.0,3.0,3.0,4.0,2.0,4.0,574b79285e549100063c292e,9.0,8.5,3.6666666666666665,3.3333333333333335,1.0,1.0,2.0,1.0,0.0,3,0
79,80,1980-01-01 00:00:00,5.0,en,1302372502,37.0,1,PhD (University),,Employed full-time,,2.0,6.0,6.0,1.0,0,1,0,0,0,1,0,1,0,0,0,0,7.0,6.0,6.0,6.0,6.0,0,,4.0,4.0,4.0,1,1,0.8,1,0,0.6,0,0,0.6,5.0,5.0,5.0,4.0,1.0,4.0,4.0,4.0,4.0,3.0,5.0,3.0,3.0,3.0,3.0,3.0,3.0,3.0,3.0,3.0,3.0,2.0,4.0,629f600f0e7c09ec275bfdc2,10.0,8.0,4.0,3.0,2.0,1.0,2.0,2.0,1.0,3,6
80,81,1980-01-01 00:00:00,5.0,en,2134575987,39.0,1,High school,,Unemployed,,3.0,4.0,8.0,1.0,0,0,0,0,0,0,0,0,0,0,1,0,6.0,6.0,6.0,6.0,5.0,0,,4.0,4.0,4.0,1,1,0.6,0,0,0.6,0,0,0.6,4.0,4.0,4.0,4.0,4.0,3.0,3.0,3.0,4.0,2.0,3.0,3.0,3.0,3.0,3.0,3.0,3.0,3.0,3.0,3.0,3.0,3.0,3.0,5c2789fc1694480001e4c4e3,10.0,9.0,3.0,3.0,1.0,1.0,1.0,1.0,1.0,6,3
81,82,1980-01-01 00:00:00,5.0,en,731898366,28.0,0,Undergraduate (University),,Employed full-time,,6.0,4.0,8.0,5.0,0,0,0,0,0,0,0,0,0,0,1,0,4.0,9.0,7.0,5.0,6.0,-1,,4.0,4.0,4.0,0,0,0.6,0,0,0.6,0,0,0.6,3.0,2.0,3.0,6.0,3.0,2.0,2.0,2.0,2.0,2.0,2.0,2.0,2.0,2.0,2.0,2.0,3.0,2.0,2.0,2.0,2.0,2.0,2.0,60fccbcc1254e074f17d5565,6.0,7.0,2.0,2.0,2.0,3.0,2.0,2.0,4.0,3,1
82,83,1980-01-01 00:00:00,5.0,en,2103618664,26.0,0,No school-leaving qualification,,Self-employed,,3.0,5.0,9.0,2.0,0,0,0,0,0,0,0,0,0,0,1,0,4.0,9.0,9.0,8.0,7.0,Other,Socialist,4.0,4.0,4.0,1,0,0.2,0,0,0.2,0,0,0.2,4.0,1.0,3.0,2.0,1.0,1.0,1.0,1.0,1.0,1.0,2.0,2.0,2.0,2.0,2.0,2.0,2.0,2.0,2.0,2.0,2.0,2.0,2.0,5d464c8a4bfe160001692125,9.0,9.0,1.1666666666666667,2.0,3.0,3.0,3.0,3.0,6.0,0,8
83,84,1980-01-01 00:00:00,5.0,en,804443638,28.0,0,Undergraduate (University),,Employed part-time,,3.0,4.0,8.0,4.0,0,0,1,1,0,0,0,0,1,1,0,0,5.0,5.0,5.0,5.0,6.0,0,,5.0,4.0,4.0,1,1,0.8,0,0,0.6,1,0,0.6,4.0,4.0,4.0,4.0,4.0,4.0,4.0,4.0,4.0,3.0,4.0,4.0,4.0,4.0,4.0,3.0,4.0,4.0,4.0,4.0,4.0,3.0,4.0,5dcca2db88381e92c96b9ac5,7.0,7.5,3.8333333333333335,3.8333333333333335,1.0,2.0,2.0,2.0,2.0,2,1
84,85,1980-01-01 00:00:00,5.0,en,1480548426,25.0,1,Undergraduate (University),,Employed part-time,,6.0,4.0,7.0,8.0,0,1,1,0,0,1,1,1,1,1,0,0,5.0,5.0,7.0,3.0,6.0,-1,,6.0,5.0,5.0,1,1,0.8,1,0,0.8,1,0,0.8,5.0,3.0,4.0,6.0,2.0,5.0,5.0,5.0,5.0,5.0,5.0,5.0,4.0,4.0,4.0,3.0,3.0,5.0,4.0,4.0,4.0,2.0,2.0,5edb487096035b7c2ab90276,3.0,5.0,5.0,3.5,0.0,1.0,1.0,1.0,3.0,2,1
85,86,1980-01-01 00:00:00,5.0,en,1483637123,40.0,1,Graduate (University),,Employed full-time,,7.0,9.0,10.0,1.0,0,1,0,0,0,0,0,0,0,0,0,0,6.0,6.0,4.0,8.0,6.0,0,,4.0,4.0,4.0,1,1,0.8,0,0,0.6,0,0,0.6,4.0,4.0,3.0,4.0,1.0,3.0,3.0,2.0,5.0,2.0,1.0,3.0,3.0,2.0,4.0,3.0,1.0,3.0,3.0,2.0,4.0,3.0,1.0,608cc945d87a9e15dcf958a5,10.0,10.0,2.6666666666666665,2.6666666666666665,2.0,2.0,2.0,2.0,2.0,3,0
86,87,1980-01-01 00:00:00,5.0,en,1235492705,23.0,1,High school,,Student,,2.0,5.0,9.0,3.0,0,0,1,1,0,1,0,1,0,0,0,0,3.0,7.0,6.0,4.0,5.0,-1,,4.0,4.0,4.0,1,1,0.6,0,0,0.6,0,0,0.6,4.0,3.0,2.0,6.0,4.0,3.0,4.0,4.0,4.0,2.0,4.0,3.0,3.0,3.0,3.0,3.0,3.0,3.0,3.0,3.0,3.0,3.0,3.0,6330622d9703174abfac3b14,8.0,8.5,3.5,3.0,1.0,1.0,1.0,1.0,2.0,1,3
87,88,1980-01-01 00:00:00,5.0,en,1688713383,38.0,1,Undergraduate (University),,Employed full-time,,7.0,7.0,8.0,4.0,0,1,0,1,0,1,0,1,0,1,0,0,7.0,8.0,6.0,6.0,5.0,-1,,4.0,4.0,4.0,1,0,0.8,0,0,0.8,0,0,0.8,4.0,4.0,5.0,3.0,2.0,4.0,4.0,3.0,5.0,4.0,4.0,4.0,4.0,3.0,4.0,4.0,4.0,4.0,4.0,3.0,4.0,4.0,4.0,5dbe5988c486793536a04f61,7.0,7.5,4.0,3.8333333333333335,1.0,1.0,1.0,1.0,1.0,3,1
88,89,1980-01-01 00:00:00,5.0,en,840045758,26.0,1,Graduate (University),,Employed full-time,,7.0,5.0,9.0,5.0,0,0,0,1,0,0,1,1,0,0,0,0,6.0,5.0,5.0,5.0,4.0,-1,,4.0,4.0,4.0,1,1,0.8,0,0,0.6,0,0,0.6,4.0,5.0,5.0,5.0,4.0,4.0,4.0,3.0,4.0,4.0,5.0,3.0,3.0,3.0,3.0,3.0,3.0,3.0,3.0,3.0,3.0,3.0,3.0,63f77e5e69b9bf63b3ca78bd,6.0,7.5,4.0,3.0,0.0,0.0,0.0,0.0,1.0,3,0
89,90,1980-01-01 00:00:00,5.0,en,1171435068,28.0,1,PhD (University),,Employed full-time,,1.0,5.0,9.0,7.0,0,0,1,1,0,1,0,0,0,0,0,0,7.0,8.0,8.0,8.0,3.0,-1,,4.0,4.0,4.0,1,1,0.6,0,0,0.6,0,0,0.6,4.0,5.0,2.0,6.0,4.0,2.0,3.0,3.0,3.0,1.0,4.0,2.0,3.0,3.0,3.0,3.0,3.0,2.0,3.0,3.0,3.0,3.0,3.0,5cc9b60821576e000117f55a,4.0,6.5,2.6666666666666665,2.8333333333333335,1.0,1.0,1.0,1.0,2.0,3,6
90,91,1980-01-01 00:00:00,5.0,en,2100763331,30.0,0,Undergraduate (University),,Homemaker,,10.0,4.0,10.0,1.0,0,0,1,1,0,0,0,1,0,0,0,0,4.0,6.0,6.0,6.0,4.0,0,,4.0,4.0,4.0,1,0,0.6,0,0,0.6,0,0,0.6,4.0,7.0,1.0,4.0,4.0,5.0,5.0,5.0,5.0,5.0,5.0,5.0,5.0,5.0,5.0,5.0,5.0,5.0,5.0,5.0,5.0,5.0,5.0,5f2f5cd4a0330f34f7f5f2fe,10.0,10.0,5.0,5.0,0.0,0.0,0.0,0.0,3.0,5,1
91,92,1980-01-01 00:00:00,5.0,en,551298737,34.0,1,Undergraduate (University),,Unemployed,,2.0,8.0,9.0,1.0,0,0,1,1,1,1,0,1,0,0,0,0,4.0,5.0,5.0,5.0,6.0,-1,,4.0,4.0,4.0,1,0,0.6,0,0,0.6,0,0,0.6,4.0,4.0,3.0,4.0,3.0,3.0,3.0,3.0,4.0,2.0,3.0,3.0,3.0,3.0,3.0,2.0,3.0,3.0,3.0,3.0,3.0,2.0,3.0,5dc47ddd034b45342d3b2e3a,10.0,9.5,3.0,2.8333333333333335,2.0,2.0,2.0,2.0,2.0,6,1
92,93,1980-01-01 00:00:00,5.0,en,1787369394,46.0,0,High school,,Homemaker,,9.0,9.0,10.0,3.0,0,0,0,0,0,0,0,0,0,0,1,0,6.0,2.0,7.0,5.0,5.0,-1,,6.0,3.0,4.0,1,1,0.8,0,0,0.6,0,0,0.6,4.0,7.0,5.0,6.0,3.0,4.0,4.0,4.0,4.0,2.0,4.0,3.0,3.0,3.0,3.0,3.0,3.0,3.0,3.0,3.0,3.0,1.0,3.0,570d891d42a1db000fc65b4d,8.0,9.0,3.6666666666666665,2.6666666666666665,1.0,1.0,2.0,1.0,2.0,5,3
93,94,1980-01-01 00:00:00,5.0,en,1803951435,20.0,1,Undergraduate (University),,Self-employed,,3.0,1.0,10.0,3.0,0,0,0,0,0,0,0,0,0,0,1,0,3.0,6.0,6.0,4.0,4.0,0,,4.0,5.0,3.0,1,1,0.8,0,0,0.6,0,0,0.6,4.0,3.0,3.0,4.0,4.0,5.0,4.0,4.0,5.0,4.0,5.0,3.0,3.0,3.0,3.0,2.0,2.0,3.0,2.0,3.0,3.0,1.0,3.0,63f78071721a6cacdd63d835,8.0,9.0,4.5,2.5,0.0,0.0,1.0,1.0,1.0,0,1
94,95,1980-01-01 00:00:00,5.0,en,563180428,26.0,0,Graduate (University),,Employed full-time,,5.0,4.0,7.0,5.0,0,0,0,0,0,0,0,1,0,0,0,0,7.0,5.0,5.0,5.0,5.0,Other,moderate,4.0,4.0,4.0,1,1,0.6,0,0,0.6,0,0,0.6,4.0,3.0,5.0,4.0,4.0,2.0,2.0,2.0,4.0,2.0,3.0,3.0,3.0,3.0,3.0,3.0,3.0,3.0,3.0,3.0,3.0,3.0,3.0,612d12ce0f3732a9a0782cf2,6.0,6.5,2.5,3.0,1.0,1.0,1.0,1.0,2.0,3,0
95,96,1980-01-01 00:00:00,5.0,en,651586603,41.0,0,High school,,Employed full-time,,4.0,1.0,10.0,3.0,0,1,1,0,0,0,0,1,0,0,0,0,4.0,4.0,4.0,4.0,7.0,-1,,7.0,7.0,7.0,1,0,0.8,0,0,0.6,0,0,0.6,4.0,3.0,1.0,4.0,2.0,3.0,3.0,3.0,4.0,1.0,3.0,3.0,3.0,3.0,4.0,1.0,3.0,3.0,3.0,3.0,4.0,1.0,3.0,60883e078fa7828e99acb69a,8.0,9.0,2.8333333333333335,2.8333333333333335,0.0,3.0,0.0,0.0,4.0,3,3
96,97,1980-01-01 00:00:00,5.0,en,375585681,42.0,0,Graduate (University),,Self-employed,,3.0,6.0,8.0,2.0,0,0,1,1,1,1,0,1,0,1,0,0,6.0,5.0,5.0,5.0,6.0,-1,,4.0,4.0,4.0,1,0,0.6,0,0,0.6,0,0,0.6,4.0,3.0,3.0,4.0,2.0,3.0,3.0,2.0,4.0,3.0,4.0,3.0,3.0,3.0,3.0,3.0,3.0,3.0,3.0,3.0,3.0,3.0,3.0,5d5434e959f4b1001a6866e7,9.0,8.5,3.1666666666666665,3.0,2.0,2.0,2.0,2.0,3.0,0,0
97,98,1980-01-01 00:00:00,5.0,en,83295590,23.0,1,High school,,Unemployed,,8.0,3.0,9.0,2.0,0,0,0,0,0,0,0,0,0,0,1,0,4.0,7.0,7.0,6.0,4.0,0,,5.0,4.0,4.0,1,0,0.8,0,0,0.6,0,0,0.6,5.0,3.0,6.0,3.0,4.0,5.0,5.0,5.0,5.0,4.0,5.0,3.0,3.0,3.0,3.0,3.0,3.0,3.0,3.0,3.0,3.0,3.0,3.0,5f06f35241fdb52794516c0f,9.0,9.0,4.833333333333333,3.0,1.0,1.0,0.0,0.0,1.0,6,3
98,99,1980-01-01 00:00:00,5.0,en,1064109276,50.0,1,Completed vocational training,,Employed full-time,,4.0,7.0,10.0,5.0,0,0,0,0,0,1,0,1,1,0,0,0,5.0,7.0,4.0,5.0,6.0,0,,4.0,4.0,4.0,1,1,0.8,0,0,0.6,0,0,0.6,4.0,2.0,1.0,2.0,1.0,4.0,5.0,5.0,5.0,3.0,5.0,4.0,4.0,5.0,5.0,2.0,3.0,4.0,4.0,5.0,4.0,2.0,3.0,623474fa7e61d138f6e6fa44,6.0,8.0,4.5,3.6666666666666665,2.0,2.0,2.0,2.0,4.0,3,4
99,100,1980-01-01 00:00:00,5.0,en,1921299502,40.0,1,Undergraduate (University),,Employed full-time,,5.0,7.0,9.0,4.0,0,0,0,1,1,0,0,0,0,1,0,0,6.0,1.0,1.0,1.0,4.0,0,,4.0,4.0,4.0,1,0,0.6,0,0,0.6,0,0,0.6,3.0,3.0,3.0,3.0,3.0,2.0,3.0,3.0,3.0,2.0,3.0,3.0,3.0,3.0,3.0,3.0,3.0,3.0,3.0,3.0,3.0,3.0,3.0,6400d8fed4e36f282d474159,7.0,8.0,2.6666666666666665,3.0,0.0,1.0,0.0,0.0,1.0,3,1
101,102,1980-01-01 00:00:00,5.0,en,1170962505,47.0,0,Undergraduate (University),,Homemaker,,7.0,9.0,10.0,1.0,0,0,0,0,0,0,0,1,0,0,0,0,7.0,6.0,6.0,8.0,6.0,-1,,4.0,4.0,4.0,1,0,0.8,0,0,0.4,0,0,0.4,4.0,4.0,1.0,6.0,1.0,4.0,4.0,4.0,5.0,3.0,5.0,3.0,3.0,3.0,3.0,3.0,3.0,3.0,3.0,3.0,3.0,3.0,3.0,6155e0bb17662cfd9293bfd5,10.0,10.0,4.166666666666667,3.0,2.0,2.0,2.0,2.0,2.0,5,1
102,103,1980-01-01 00:00:00,5.0,en,436096411,29.0,1,High school,,Self-employed,,4.0,3.0,9.0,5.0,1,0,0,0,1,0,0,0,0,0,0,0,2.0,2.0,2.0,3.0,4.0,0,,3.0,5.0,3.0,1,0,0.8,0,0,0.6,0,0,0.6,4.0,3.0,3.0,4.0,5.0,3.0,3.0,3.0,4.0,3.0,3.0,3.0,3.0,3.0,3.0,3.0,3.0,3.0,3.0,3.0,3.0,3.0,3.0,60e364349645120ba12a3d70,6.0,7.5,3.1666666666666665,3.0,1.0,0.0,1.0,1.0,1.0,0,3
103,104,1980-01-01 00:00:00,5.0,en,1663575202,39.0,0,Graduate (University),,Unemployed,,1.0,6.0,9.0,1.0,0,0,0,0,0,0,0,0,0,0,1,0,5.0,6.0,4.0,3.0,3.0,1,,4.0,4.0,4.0,1,0,0.8,0,0,0.6,0,0,0.6,4.0,7.0,7.0,7.0,2.0,1.0,1.0,2.0,4.0,1.0,2.0,3.0,1.0,1.0,1.0,1.0,1.0,1.0,1.0,1.0,1.0,1.0,1.0,61042b4421f724dc8f6d80eb,10.0,9.5,1.8333333333333333,1.0,1.0,1.0,1.0,1.0,4.0,6,0
104,105,1980-01-01 00:00:00,5.0,en,1287748370,36.0,0,Completed vocational training,,Employed full-time,,8.0,7.0,10.0,6.0,0,0,0,0,0,0,0,0,0,0,0,AP,4.0,5.0,5.0,5.0,7.0,-1,,4.0,4.0,4.0,1,0,0.6,0,0,0.6,0,0,0.6,4.0,3.0,2.0,4.0,1.0,3.0,3.0,2.0,4.0,2.0,4.0,3.0,3.0,3.0,3.0,2.0,3.0,3.0,3.0,3.0,3.0,2.0,3.0,612d5aec388ae7382c6d9d59,5.0,7.5,3.0,2.8333333333333335,3.0,3.0,3.0,3.0,4.0,3,4
105,106,1980-01-01 00:00:00,5.0,en,2093183703,23.0,0,Undergraduate (University),,Employed full-time,,8.0,9.0,9.0,3.0,0,0,0,1,1,0,0,1,0,0,0,0,7.0,5.0,7.0,7.0,6.0,-1,,5.0,5.0,5.0,1,1,0.8,0,0,0.6,0,0,0.6,4.0,4.0,4.0,4.0,4.0,4.0,5.0,5.0,5.0,2.0,2.0,3.0,3.0,3.0,3.0,3.0,3.0,3.0,3.0,3.0,3.0,3.0,3.0,610882aada3f5f8784429163,8.0,8.5,3.8333333333333335,3.0,1.0,2.0,1.0,1.0,2.0,3,1
106,107,1980-01-01 00:00:00,5.0,en,2066311804,48.0,0,Completed vocational training,,Unemployed,,7.0,5.0,8.0,1.0,0,0,0,0,0,0,0,0,0,0,1,0,3.0,8.0,6.0,7.0,5.0,-1,,6.0,5.0,5.0,1,0,0.6,0,0,0.6,0,0,0.6,6.0,6.0,7.0,3.0,4.0,4.0,4.0,4.0,4.0,1.0,4.0,4.0,4.0,4.0,3.0,1.0,4.0,4.0,4.0,4.0,4.0,1.0,4.0,608a0175caaa968e48ae4b6d,10.0,9.0,3.5,3.5,1.0,1.0,0.0,0.0,1.0,6,4
107,108,1980-01-01 00:00:00,5.0,en,530110881,39.0,1,University of Applied Sciences degree,,Employed full-time,,4.0,4.0,10.0,5.0,0,0,0,1,0,0,0,1,0,0,0,0,4.0,6.0,5.0,5.0,6.0,-1,,5.0,5.0,5.0,1,1,0.8,0,0,0.8,0,0,0.8,6.0,7.0,5.0,5.0,3.0,2.0,3.0,4.0,4.0,2.0,5.0,2.0,3.0,3.0,4.0,2.0,4.0,2.0,3.0,4.0,4.0,2.0,4.0,5bf2337547415500011598f0,6.0,8.0,3.3333333333333335,3.1666666666666665,1.0,0.0,1.0,1.0,1.0,3,5
108,109,1980-01-01 00:00:00,5.0,en,142818866,34.0,1,Graduate (University),,Employed full-time,,4.0,3.0,7.0,5.0,0,0,0,1,1,0,0,1,1,0,0,0,6.0,6.0,7.0,7.0,5.0,-1,,4.0,4.0,4.0,1,0,0.8,0,0,0.6,0,0,0.6,5.0,3.0,3.0,5.0,2.0,4.0,5.0,5.0,5.0,2.0,4.0,3.0,4.0,4.0,4.0,1.0,2.0,4.0,4.0,4.0,3.0,1.0,2.0,5d474d1fab2d280015bb0110,6.0,6.5,4.166666666666667,3.0,1.0,0.0,1.0,1.0,2.0,3,0
109,110,1980-01-01 00:00:00,5.0,en,956345234,25.0,1,High school,,Unemployed,,3.0,5.0,8.0,1.0,0,0,0,0,0,0,0,0,0,0,1,0,3.0,5.0,5.0,5.0,4.0,0,,4.0,4.0,4.0,1,0,0.6,0,0,0.6,0,0,0.6,4.0,4.0,4.0,4.0,4.0,3.0,3.0,3.0,5.0,1.0,3.0,3.0,3.0,3.0,3.0,1.0,2.0,3.0,3.0,3.0,3.0,1.0,2.0,5ed427e3bcd0c00b58a177c0,10.0,9.0,3.0,2.5,0.0,0.0,0.0,0.0,0.0,6,3
110,111,1980-01-01 00:00:00,5.0,en,1444045147,24.0,0,Undergraduate (University),,Other,disabled,8.0,6.0,9.0,3.0,0,0,0,0,0,0,0,0,0,0,1,0,2.0,6.0,5.0,6.0,3.0,0,,6.0,5.0,6.0,1,0,0.6,0,0,0.6,0,0,0.6,4.0,7.0,7.0,7.0,4.0,2.0,2.0,1.0,2.0,1.0,1.0,1.0,1.0,1.0,1.0,1.0,1.0,1.0,1.0,1.0,1.0,1.0,1.0,5f839de3c11409537caccb9c,8.0,8.5,1.5,1.0,3.0,1.0,2.0,3.0,4.0,7,1
111,112,1980-01-01 00:00:00,5.0,en,893042500,20.0,1,High school,,Unemployed,,6.0,5.0,9.0,2.0,0,0,0,1,0,0,0,1,1,0,0,0,3.0,5.0,5.0,5.0,7.0,-1,,5.0,4.0,4.0,1,1,0.6,0,0,0.6,0,0,0.6,5.0,3.0,1.0,4.0,1.0,4.0,4.0,4.0,5.0,3.0,5.0,3.0,3.0,3.0,3.0,3.0,3.0,3.0,3.0,3.0,3.0,3.0,3.0,613461a8b9035cf9b29ad84d,9.0,9.0,4.166666666666667,3.0,2.0,2.0,3.0,3.0,4.0,6,3
112,113,1980-01-01 00:00:00,5.0,en,1966708174,68.0,0,Completed vocational training,,Retired,,4.0,3.0,7.0,2.0,1,0,0,0,0,0,0,0,0,0,0,Simon Parkes,2.0,7.0,8.0,6.0,2.0,1,,6.0,4.0,4.0,1,0,0.6,0,0,0.6,0,0,0.6,6.0,7.0,2.0,5.0,1.0,2.0,2.0,2.0,3.0,1.0,3.0,2.0,2.0,2.0,2.0,2.0,2.0,2.0,2.0,2.0,2.0,2.0,2.0,63651ebda2500601d3dd5365,9.0,8.0,2.1666666666666665,2.0,4.0,4.0,2.0,2.0,5.0,4,4
113,114,1980-01-01 00:00:00,5.0,en,1972018026,33.0,1,Undergraduate (University),,Employed full-time,,5.0,7.0,8.0,2.0,0,0,0,0,0,0,0,0,0,0,1,0,3.0,4.0,4.0,5.0,7.0,-1,,4.0,4.0,4.0,1,0,0.8,0,0,0.6,0,0,0.6,4.0,5.0,2.0,5.0,2.0,3.0,3.0,3.0,4.0,1.0,4.0,3.0,3.0,3.0,4.0,5.0,3.0,3.0,3.0,3.0,4.0,5.0,3.0,60b4f4b34e71c30513ecc1f5,9.0,8.5,3.0,3.5,3.0,3.0,3.0,3.0,2.0,3,1
114,115,1980-01-01 00:00:00,5.0,en,830038049,27.0,0,Undergraduate (University),,Student,,6.0,8.0,10.0,4.0,0,0,1,0,0,0,0,1,0,0,0,0,6.0,4.0,5.0,6.0,7.0,0,,4.0,3.0,3.0,1,1,0.8,0,0,0.6,0,0,0.6,3.0,2.0,2.0,5.0,3.0,4.0,4.0,3.0,5.0,3.0,5.0,3.0,3.0,3.0,3.0,1.0,4.0,3.0,3.0,3.0,4.0,2.0,5.0,603000ac19eaccdcf8b92e62,7.0,8.5,4.0,3.3333333333333335,3.0,4.0,4.0,4.0,5.0,1,1
115,116,1980-01-01 00:00:00,5.0,en,1144868080,28.0,0,Undergraduate (University),,Employed full-time,,1.0,9.0,9.0,1.0,1,0,0,0,0,0,0,0,0,0,0,0,5.0,8.0,1.0,6.0,1.0,1,,4.0,5.0,6.0,1,1,1.0,1,0,0.6,1,0,0.4,4.0,7.0,3.0,4.0,5.0,5.0,5.0,5.0,5.0,5.0,5.0,4.0,3.0,4.0,5.0,1.0,1.0,3.0,2.0,3.0,5.0,1.0,1.0,644a751dfb9657326732e7fb,10.0,9.5,5.0,2.5,3.0,3.0,4.0,5.0,6.0,3,1
116,117,1980-01-01 00:00:00,5.0,en,1738959087,39.0,1,Undergraduate (University),,Employed full-time,,4.0,3.0,8.0,3.0,0,0,0,1,0,0,0,0,0,0,0,0,3.0,5.0,6.0,4.0,6.0,-1,,4.0,4.0,3.0,1,0,0.8,0,0,0.6,0,0,0.6,3.0,2.0,2.0,4.0,3.0,4.0,4.0,3.0,4.0,2.0,4.0,3.0,3.0,4.0,4.0,1.0,3.0,3.0,2.0,3.0,3.0,1.0,2.0,559002fefdf99b3f7aada38f,8.0,8.0,3.5,2.3333333333333335,2.0,3.0,2.0,3.0,4.0,3,1
117,118,1980-01-01 00:00:00,5.0,en,1925859046,26.0,0,Graduate (University),,Employed full-time,,5.0,4.0,7.0,2.0,0,0,0,1,0,0,0,0,0,0,0,0,6.0,5.0,5.0,5.0,7.0,-1,,3.0,4.0,4.0,0,0,0.6,0,0,0.6,0,0,0.6,4.0,3.0,2.0,7.0,3.0,4.0,3.0,3.0,5.0,4.0,4.0,4.0,3.0,3.0,5.0,4.0,4.0,4.0,3.0,3.0,4.0,4.0,4.0,5f616d5523e52610f1ac1a16,9.0,8.0,3.8333333333333335,3.6666666666666665,4.0,3.0,3.0,3.0,4.0,3,0
118,119,1980-01-01 00:00:00,5.0,en,1841603772,31.0,1,Undergraduate (University),,Unemployed,,3.0,7.0,9.0,1.0,0,0,0,0,0,0,0,0,0,0,1,0,3.0,7.0,5.0,7.0,6.0,-1,,4.0,4.0,4.0,1,0,0.8,0,0,0.6,0,0,0.6,3.0,2.0,1.0,3.0,1.0,3.0,3.0,3.0,4.0,3.0,5.0,3.0,3.0,3.0,4.0,3.0,5.0,3.0,3.0,3.0,4.0,3.0,5.0,60ce9fa3d9f9a088647a62ba,10.0,9.5,3.5,3.5,2.0,3.0,2.0,2.0,4.0,6,1
119,120,1980-01-01 00:00:00,5.0,en,2123964647,29.0,1,Graduate (University),,Employed full-time,,1.0,2.0,8.0,9.0,0,0,0,0,0,0,0,1,0,0,0,0,6.0,3.0,4.0,5.0,5.0,-1,,4.0,4.0,4.0,1,1,0.8,0,0,0.6,0,0,0.6,4.0,5.0,6.0,2.0,1.0,4.0,4.0,5.0,5.0,2.0,5.0,3.0,3.0,3.0,3.0,3.0,3.0,3.0,3.0,3.0,3.0,3.0,3.0,60cec5dbf17b09ca3edf5d33,2.0,5.0,4.166666666666667,3.0,1.0,1.0,1.0,1.0,0.0,3,0
120,121,1980-01-01 00:00:00,5.0,en,1493061791,27.0,1,Secondary school,,Unemployed,,1.0,7.0,10.0,1.0,0,0,0,0,0,0,0,0,0,0,1,0,2.0,4.0,5.0,5.0,6.0,0,,6.0,4.0,4.0,1,0,0.8,0,0,0.6,0,0,0.6,6.0,5.0,4.0,3.0,2.0,2.0,2.0,2.0,5.0,1.0,3.0,3.0,3.0,3.0,3.0,3.0,3.0,3.0,3.0,3.0,3.0,3.0,3.0,58d7d2c2e9b6dc000129148a,10.0,10.0,2.5,3.0,0.0,0.0,2.0,2.0,1.0,6,9
121,122,1980-01-01 00:00:00,5.0,en,1435375345,38.0,0,High school,,Homemaker,,1.0,1.0,6.0,7.0,0,0,0,0,0,0,0,0,0,0,1,0,4.0,5.0,5.0,5.0,5.0,-1,,4.0,4.0,4.0,1,1,0.8,0,0,0.6,0,0,0.6,4.0,5.0,4.0,4.0,2.0,5.0,4.0,4.0,5.0,2.0,5.0,3.0,3.0,3.0,3.0,3.0,3.0,3.0,3.0,3.0,3.0,3.0,3.0,610e6880f784d836a872a9a5,4.0,5.0,4.166666666666667,3.0,1.0,1.0,1.0,1.0,0.0,5,3
122,123,1980-01-01 00:00:00,5.0,en,465946156,54.0,0,Graduate (University),,Employed part-time,,3.0,9.0,10.0,4.0,0,0,0,1,1,0,1,0,0,0,0,0,9.0,8.0,8.0,10.0,6.0,0,,7.0,7.0,7.0,1,1,0.8,0,0,0.4,1,1,0.8,6.0,7.0,7.0,7.0,6.0,4.0,1.0,4.0,5.0,1.0,5.0,4.0,4.0,3.0,3.0,3.0,5.0,5.0,5.0,4.0,4.0,5.0,5.0,6430821f33813b8a567a8723,7.0,8.5,3.3333333333333335,4.666666666666667,1.0,0.0,1.0,1.0,1.0,2,0
123,124,1980-01-01 00:00:00,5.0,en,713996046,33.0,0,Undergraduate (University),,Employed full-time,,9.0,6.0,9.0,2.0,0,0,0,0,0,0,0,0,0,0,1,0,7.0,8.0,8.0,8.0,7.0,-1,,4.0,4.0,4.0,0,0,0.6,0,0,0.6,0,0,0.6,4.0,4.0,4.0,4.0,4.0,4.0,4.0,4.0,4.0,4.0,5.0,4.0,4.0,4.0,4.0,4.0,5.0,4.0,4.0,4.0,4.0,2.0,5.0,60fd781f9fe1637567804499,9.0,9.0,4.166666666666667,3.8333333333333335,3.0,3.0,3.0,3.0,3.0,3,1
124,125,1980-01-01 00:00:00,5.0,en,183509787,55.0,0,High school,,Homemaker,,5.0,7.0,10.0,1.0,0,0,0,0,0,0,0,0,0,0,1,0,3.0,3.0,3.0,3.0,2.0,1,,4.0,4.0,4.0,0,0,0.4,0,0,0.4,0,0,0.4,4.0,7.0,4.0,6.0,6.0,3.0,3.0,3.0,3.0,3.0,3.0,3.0,3.0,3.0,3.0,3.0,3.0,3.0,3.0,3.0,3.0,3.0,3.0,63d475f2b52ddc6fbab9ce52,10.0,10.0,3.0,3.0,2.0,2.0,2.0,2.0,5.0,5,3
125,126,1980-01-01 00:00:00,5.0,en,2090733965,32.0,1,Undergraduate (University),,Employed full-time,,8.0,5.0,7.0,5.0,0,0,0,0,0,0,0,0,0,0,1,0,2.0,4.0,5.0,5.0,7.0,-1,,4.0,4.0,4.0,1,1,0.8,0,0,0.6,0,0,0.6,5.0,2.0,3.0,5.0,2.0,3.0,5.0,4.0,3.0,3.0,5.0,3.0,3.0,3.0,3.0,1.0,4.0,3.0,3.0,4.0,3.0,2.0,4.0,5f35834258a6f754f9150404,6.0,6.5,3.8333333333333335,3.1666666666666665,3.0,2.0,3.0,3.0,5.0,3,1
126,127,1980-01-01 00:00:00,5.0,en,503431444,26.0,1,Other,AA,Employed full-time,,7.0,6.0,8.0,4.0,0,0,0,0,0,0,0,0,0,0,0,Social media pages,6.0,8.0,5.0,5.0,5.0,-1,,4.0,4.0,4.0,1,0,0.6,0,0,0.6,0,0,0.6,4.0,3.0,5.0,3.0,3.0,4.0,4.0,4.0,5.0,3.0,4.0,3.0,3.0,3.0,3.0,3.0,3.0,3.0,3.0,3.0,3.0,3.0,3.0,628d0122bd2de9268f57e207,7.0,7.5,4.0,3.0,1.0,1.0,1.0,1.0,2.0,3,7
127,128,1980-01-01 00:00:00,5.0,en,404983240,28.0,1,Elementary/high school diploma,,Employed full-time,,5.0,5.0,6.0,7.0,0,0,0,0,0,0,0,0,0,0,1,0,6.0,4.0,4.0,6.0,5.0,0,,4.0,4.0,4.0,1,0,0.6,0,0,0.6,0,0,0.6,4.0,4.0,4.0,4.0,4.0,3.0,3.0,3.0,3.0,3.0,3.0,3.0,3.0,3.0,3.0,3.0,3.0,3.0,3.0,3.0,3.0,3.0,3.0,5cd01055c24ebe0001f9fd40,4.0,5.0,3.0,3.0,1.0,1.0,1.0,1.0,1.0,3,2
128,129,1980-01-01 00:00:00,5.0,en,69193637,32.0,0,Undergraduate (University),,Employed part-time,,5.0,4.0,7.0,1.0,0,0,1,1,0,1,0,1,0,0,0,0,3.0,5.0,5.0,5.0,6.0,0,,4.0,4.0,4.0,1,0,0.6,0,0,0.6,0,0,0.6,4.0,3.0,5.0,4.0,2.0,2.0,2.0,2.0,4.0,3.0,2.0,3.0,2.0,3.0,3.0,2.0,3.0,3.0,3.0,3.0,3.0,2.0,3.0,5e544727059e3744ccdd4c3b,10.0,8.5,2.5,2.8333333333333335,2.0,2.0,2.0,2.0,3.0,2,1
129,130,1980-01-01 00:00:00,5.0,en,182245295,68.0,1,Undergraduate (University),,Self-employed,,4.0,8.0,10.0,2.0,0,0,1,0,1,0,0,0,0,0,0,0,7.0,2.0,7.0,6.0,6.0,-1,,5.0,4.0,4.0,1,0,0.8,0,0,0.6,0,0,0.6,4.0,3.0,4.0,5.0,2.0,4.0,4.0,4.0,4.0,3.0,4.0,3.0,3.0,3.0,3.0,2.0,2.0,3.0,3.0,3.0,3.0,2.0,2.0,5de7f88b762dc2775b2265b8,9.0,9.5,3.8333333333333335,2.6666666666666665,1.0,2.0,2.0,2.0,3.0,0,1
130,131,1980-01-01 00:00:00,5.0,en,89121516,62.0,0,Undergraduate (University),,Self-employed,,8.0,7.0,10.0,1.0,0,0,0,0,0,0,0,0,0,0,0,"Newsmax, OAN, The Blaze, Breitbart, Epoch Times",9.0,7.0,8.0,6.0,1.0,1,,7.0,4.0,4.0,1,0,0.8,0,0,0.6,0,0,0.6,6.0,7.0,6.0,7.0,3.0,2.0,2.0,2.0,2.0,2.0,2.0,3.0,3.0,3.0,3.0,3.0,3.0,3.0,3.0,3.0,3.0,3.0,3.0,606609111ba10f35596db018,10.0,10.0,2.0,3.0,6.0,5.0,3.0,3.0,6.0,0,1
131,132,1980-01-01 00:00:00,5.0,en,1671755836,69.0,1,Completed vocational training,,Retired,,8.0,7.0,9.0,5.0,0,0,0,0,0,0,0,0,0,0,1,0,8.0,6.0,6.0,6.0,3.0,0,,4.0,4.0,4.0,1,0,0.8,0,0,0.6,0,0,0.6,4.0,5.0,4.0,4.0,3.0,4.0,4.0,4.0,5.0,2.0,5.0,3.0,3.0,3.0,3.0,3.0,3.0,3.0,3.0,3.0,3.0,3.0,3.0,6148c0a6e2353cbbac1cd506,6.0,7.5,4.0,3.0,1.0,1.0,1.0,1.0,2.0,4,4
132,133,1980-01-01 00:00:00,5.0,en,1905150701,27.0,0,Undergraduate (University),,Employed part-time,,7.0,6.0,8.0,5.0,0,0,0,1,1,0,0,1,0,0,0,0,7.0,8.0,7.0,6.0,6.0,-1,,4.0,4.0,4.0,1,1,0.8,0,0,0.6,0,0,0.6,5.0,5.0,2.0,6.0,3.0,4.0,4.0,4.0,5.0,4.0,4.0,4.0,4.0,3.0,4.0,2.0,3.0,3.0,3.0,4.0,4.0,3.0,4.0,612e9fb57400639a88cfae33,6.0,7.0,4.166666666666667,3.5,2.0,1.0,2.0,2.0,1.0,2,1
133,134,1980-01-01 00:00:00,5.0,en,1851627484,24.0,0,Other,some college,Employed full-time,,6.0,5.0,8.0,3.0,0,0,0,0,0,0,0,0,0,0,1,0,6.0,5.0,5.0,5.0,4.0,0,,4.0,3.0,4.0,1,1,0.6,0,0,0.4,0,0,0.6,3.0,2.0,5.0,4.0,3.0,3.0,3.0,2.0,4.0,2.0,3.0,3.0,3.0,3.0,3.0,3.0,3.0,3.0,3.0,3.0,3.0,3.0,3.0,6102201d916cbe6d39df3b62,8.0,8.0,2.8333333333333335,3.0,0.0,1.0,1.0,0.0,2.0,3,7
134,135,1980-01-01 00:00:00,5.0,en,1672122728,38.0,0,University of Applied Sciences degree,,Employed full-time,,3.0,7.0,7.0,3.0,0,0,0,0,0,0,0,0,0,0,1,0,5.0,9.0,5.0,6.0,5.0,-1,,4.0,2.0,6.0,1,1,0.6,0,0,0.6,0,0,0.6,4.0,3.0,1.0,4.0,2.0,4.0,4.0,3.0,4.0,2.0,4.0,3.0,3.0,3.0,3.0,3.0,3.0,3.0,3.0,3.0,3.0,3.0,3.0,58c72acd444ade00010234d8,8.0,7.5,3.5,3.0,1.0,1.0,3.0,1.0,2.0,3,5
135,136,1980-01-01 00:00:00,5.0,en,686586345,39.0,0,Completed vocational training,,Other,Disabled,4.0,5.0,8.0,3.0,0,0,0,0,0,0,0,0,0,0,1,0,3.0,6.0,6.0,5.0,7.0,-1,,4.0,4.0,4.0,1,0,0.4,0,0,0.4,0,0,0.4,4.0,3.0,3.0,4.0,2.0,3.0,2.0,2.0,4.0,1.0,3.0,3.0,3.0,3.0,3.0,3.0,3.0,3.0,3.0,3.0,3.0,3.0,3.0,6019bbb66e5c2815ba3728b6,8.0,8.0,2.5,3.0,3.0,3.0,3.0,3.0,4.0,7,4
136,137,1980-01-01 00:00:00,5.0,en,1204119016,55.0,1,Undergraduate (University),,Self-employed,,8.0,8.0,8.0,1.0,0,0,0,0,0,0,0,0,0,0,1,0,6.0,6.0,4.0,5.0,4.0,Other,libertarian,6.0,4.0,4.0,1,1,0.8,0,0,0.6,0,0,0.6,4.0,7.0,3.0,6.0,6.0,5.0,5.0,5.0,5.0,1.0,5.0,5.0,5.0,5.0,5.0,1.0,5.0,5.0,5.0,5.0,5.0,1.0,5.0,62fd17440d5147b43183b0aa,10.0,9.0,4.333333333333333,4.333333333333333,2.0,0.0,0.0,0.0,3.0,0,1
137,138,1980-01-01 00:00:00,5.0,en,1868935917,28.0,1,Graduate (University),,Self-employed,,2.0,6.0,8.0,8.0,0,0,1,0,0,0,0,1,0,0,0,0,4.0,8.0,6.0,5.0,7.0,-1,,2.0,4.0,4.0,1,1,0.6,0,0,0.6,0,0,0.6,4.0,2.0,1.0,3.0,1.0,2.0,2.0,2.0,5.0,3.0,4.0,2.0,2.0,2.0,3.0,2.0,2.0,2.0,2.0,2.0,3.0,2.0,2.0,63d803fe12fac7c6d3d14012,3.0,5.5,3.0,2.1666666666666665,5.0,3.0,3.0,3.0,5.0,0,0
138,139,1980-01-01 00:00:00,5.0,en,1839324386,27.0,0,Undergraduate (University),,Unemployed,,3.0,5.0,6.0,7.0,0,0,0,0,0,0,0,0,0,0,1,0,2.0,9.0,7.0,4.0,4.0,0,,4.0,4.0,4.0,1,1,0.6,0,0,0.6,0,0,0.6,4.0,3.0,3.0,3.0,4.0,2.0,3.0,3.0,4.0,2.0,3.0,3.0,3.0,3.0,3.0,3.0,3.0,3.0,3.0,3.0,3.0,3.0,3.0,63b777804c8a26a81128a248,4.0,5.0,2.8333333333333335,3.0,0.0,0.0,0.0,0.0,1.0,6,1
139,140,1980-01-01 00:00:00,5.0,en,417442177,36.0,0,Undergraduate (University),,Employed full-time,,5.0,5.0,9.0,3.0,0,0,0,0,0,0,0,0,0,0,1,0,5.0,8.0,6.0,5.0,4.0,-1,,4.0,1.0,2.0,0,0,0.8,0,0,0.8,0,0,0.4,4.0,5.0,5.0,5.0,4.0,3.0,4.0,3.0,4.0,3.0,5.0,3.0,3.0,3.0,3.0,3.0,3.0,3.0,3.0,3.0,3.0,3.0,3.0,5d69ac222b85a000015e352f,8.0,8.5,3.6666666666666665,3.0,0.0,0.0,3.0,2.0,1.0,3,1
140,141,1980-01-01 00:00:00,5.0,en,1614684362,22.0,0,High school,,Employed full-time,,3.0,3.0,9.0,5.0,1,0,1,1,0,0,0,1,0,0,0,0,3.0,4.0,6.0,6.0,5.0,-1,,6.0,4.0,4.0,1,1,0.8,0,0,0.6,0,0,0.6,5.0,4.0,5.0,5.0,4.0,4.0,4.0,4.0,5.0,3.0,4.0,3.0,3.0,3.0,3.0,3.0,3.0,3.0,3.0,3.0,3.0,3.0,3.0,5dd9df0e946f7c97406a55ea,6.0,7.5,4.0,3.0,1.0,0.0,1.0,1.0,1.0,3,3
141,142,1980-01-01 00:00:00,5.0,en,1216056839,30.0,1,Undergraduate (University),,Employed full-time,,3.0,4.0,9.0,1.0,0,0,0,0,0,0,0,0,0,0,1,0,7.0,9.0,8.0,5.0,4.0,0,,6.0,4.0,4.0,1,0,0.8,0,0,0.6,0,0,0.6,7.0,7.0,7.0,7.0,4.0,2.0,2.0,2.0,4.0,2.0,2.0,3.0,3.0,3.0,3.0,3.0,3.0,3.0,3.0,3.0,3.0,3.0,3.0,6286642579f3b7c4d3f863c4,10.0,9.5,2.3333333333333335,3.0,2.0,3.0,0.0,0.0,3.0,3,1
142,143,1980-01-01 00:00:00,5.0,en,1379851247,39.0,0,Graduate (University),,Employed part-time,,6.0,4.0,9.0,4.0,0,0,0,1,0,1,0,0,0,0,0,0,6.0,4.0,6.0,7.0,5.0,-1,,4.0,4.0,4.0,1,0,0.8,0,0,0.6,0,0,0.6,4.0,3.0,1.0,5.0,2.0,4.0,3.0,3.0,4.0,2.0,4.0,3.0,3.0,3.0,3.0,3.0,3.0,3.0,3.0,3.0,3.0,3.0,3.0,61644d760c8439f52ae07d35,7.0,8.0,3.3333333333333335,3.0,1.0,1.0,1.0,1.0,2.0,2,0
143,144,1980-01-01 00:00:00,5.0,en,1509302506,36.0,1,Undergraduate (University),,Employed full-time,,1.0,9.0,10.0,1.0,0,0,0,1,0,0,0,0,1,1,0,0,3.0,3.0,3.0,3.0,6.0,-1,,4.0,4.0,4.0,1,1,0.8,0,0,0.6,0,0,0.6,4.0,6.0,3.0,5.0,3.0,3.0,3.0,3.0,4.0,3.0,3.0,3.0,3.0,3.0,3.0,3.0,3.0,3.0,3.0,3.0,3.0,3.0,3.0,5588c479fdf99b304ee563eb,10.0,10.0,3.1666666666666665,3.0,2.0,2.0,2.0,2.0,0.0,3,1
144,145,1980-01-01 00:00:00,5.0,en,435495777,37.0,1,Completed vocational training,,Homemaker,,8.0,7.0,7.0,5.0,0,0,0,0,0,0,0,0,0,0,1,0,5.0,4.0,6.0,6.0,6.0,-1,,6.0,5.0,5.0,1,1,1.0,0,0,0.6,0,0,0.6,6.0,5.0,4.0,6.0,3.0,5.0,5.0,5.0,5.0,3.0,5.0,3.0,3.0,3.0,4.0,2.0,3.0,3.0,3.0,3.0,3.0,3.0,3.0,5dd365bdaf16d337333e212e,6.0,6.5,4.666666666666667,3.0,0.0,0.0,1.0,1.0,1.0,5,4
145,146,1980-01-01 00:00:00,5.0,en,1944725440,35.0,0,Undergraduate (University),,Homemaker,,2.0,7.0,7.0,3.0,0,0,0,0,0,0,0,0,0,0,1,0,4.0,5.0,5.0,4.0,6.0,-1,,4.0,4.0,4.0,1,0,0.8,0,0,0.6,0,0,0.6,4.0,6.0,5.0,4.0,4.0,4.0,3.0,4.0,5.0,2.0,3.0,5.0,4.0,5.0,4.0,2.0,2.0,4.0,3.0,4.0,4.0,1.0,2.0,5d85150104ad7f00180935d1,8.0,7.5,3.5,3.0,2.0,2.0,2.0,2.0,0.0,5,1
146,147,1980-01-01 00:00:00,5.0,en,268114940,34.0,1,Graduate (University),,Employed full-time,,3.0,2.0,7.0,6.0,0,1,1,1,1,0,0,1,0,0,0,0,6.0,7.0,7.0,6.0,5.0,-1,,4.0,4.0,4.0,1,0,0.8,0,0,0.6,0,0,0.6,4.0,3.0,2.0,5.0,2.0,5.0,4.0,5.0,5.0,3.0,4.0,3.0,3.0,3.0,3.0,1.0,2.0,3.0,3.0,3.0,3.0,1.0,2.0,5d474d1fab2d280015bb0110,5.0,6.0,4.333333333333333,2.5,1.0,1.0,1.0,1.0,2.0,3,0
147,148,1980-01-01 00:00:00,5.0,en,546027996,23.0,0,Undergraduate (University),,Employed part-time,,7.0,5.0,6.0,4.0,0,0,0,0,0,0,0,0,0,0,1,0,5.0,10.0,8.0,5.0,5.0,-1,,4.0,4.0,4.0,1,0,0.6,0,0,0.6,0,0,0.6,3.0,1.0,1.0,2.0,1.0,3.0,3.0,3.0,5.0,1.0,3.0,3.0,3.0,3.0,3.0,3.0,3.0,3.0,3.0,3.0,4.0,1.0,3.0,5eb3d066d0e0231abd2cedc0,7.0,6.5,3.0,2.8333333333333335,1.0,2.0,1.0,1.0,4.0,2,1
148,149,1980-01-01 00:00:00,5.0,en,51835188,25.0,0,Graduate (University),,Employed full-time,,4.0,9.0,7.0,10.0,0,0,0,0,0,0,0,1,0,0,0,0,8.0,9.0,5.0,9.0,6.0,-1,,5.0,4.0,4.0,1,1,0.8,0,0,0.6,0,0,0.6,5.0,5.0,3.0,3.0,2.0,4.0,4.0,5.0,5.0,4.0,5.0,3.0,3.0,3.0,3.0,3.0,3.0,3.0,3.0,3.0,3.0,3.0,3.0,5f1201f1c1ac1410a8f39a21,1.0,4.0,4.5,3.0,1.0,1.0,2.0,2.0,1.0,3,0
149,150,1980-01-01 00:00:00,5.0,en,1149179271,24.0,1,Undergraduate (University),,Employed part-time,,3.0,9.0,8.0,9.0,0,0,1,0,1,0,0,1,1,0,0,0,5.0,8.0,8.0,6.0,7.0,-1,,2.0,4.0,4.0,1,0,0.4,0,0,0.6,0,0,0.6,4.0,2.0,5.0,6.0,4.0,2.0,2.0,2.0,3.0,2.0,2.0,3.0,3.0,3.0,3.0,3.0,3.0,3.0,3.0,3.0,3.0,3.0,3.0,61018e110680d3e45deb53ad,2.0,5.0,2.1666666666666665,3.0,5.0,3.0,3.0,3.0,5.0,2,1
150,151,1980-01-01 00:00:00,5.0,en,818757186,27.0,1,High school,,Unemployed,,4.0,6.0,8.0,2.0,0,0,0,0,0,0,0,0,0,0,1,0,3.0,8.0,6.0,5.0,7.0,-1,,4.0,4.0,4.0,1,0,0.8,0,0,0.6,0,0,0.6,4.0,2.0,4.0,4.0,3.0,4.0,3.0,3.0,5.0,1.0,3.0,3.0,3.0,3.0,3.0,3.0,3.0,3.0,3.0,3.0,3.0,3.0,3.0,5a9b40af4eecca0001dd8523,9.0,8.5,3.1666666666666665,3.0,3.0,3.0,3.0,3.0,5.0,6,3
151,152,1980-01-01 00:00:00,5.0,en,1873358176,31.0,0,Undergraduate (University),,Employed full-time,,2.0,2.0,8.0,1.0,0,0,0,0,0,0,0,1,0,1,0,0,7.0,9.0,4.0,5.0,7.0,-1,,4.0,4.0,4.0,1,1,0.6,0,0,0.6,0,0,0.6,4.0,4.0,1.0,5.0,4.0,3.0,3.0,3.0,4.0,2.0,4.0,3.0,3.0,3.0,3.0,3.0,3.0,3.0,3.0,3.0,3.0,3.0,3.0,63bc5668e856a67c2cd471de,10.0,9.0,3.1666666666666665,3.0,3.0,3.0,3.0,3.0,3.0,3,1
152,153,1980-01-01 00:00:00,5.0,en,496744677,24.0,0,Undergraduate (University),,Unemployed,,8.0,2.0,10.0,9.0,0,1,1,1,0,0,1,1,1,1,0,0,4.0,5.0,7.0,6.0,6.0,-1,,5.0,4.0,4.0,1,1,0.8,0,0,0.6,0,0,0.6,5.0,2.0,2.0,4.0,1.0,5.0,5.0,5.0,5.0,3.0,5.0,3.0,3.0,3.0,3.0,3.0,5.0,3.0,3.0,3.0,3.0,3.0,5.0,61032274bad76a096a09f0b0,2.0,6.0,4.666666666666667,3.3333333333333335,1.0,1.0,2.0,2.0,4.0,6,1
153,154,1980-01-01 00:00:00,5.0,en,1235010832,33.0,0,Undergraduate (University),,Unemployed,,5.0,3.0,5.0,3.0,0,0,0,1,0,0,0,0,1,1,0,0,5.0,1.0,1.0,1.0,7.0,Other,,4.0,4.0,4.0,1,1,0.8,0,0,0.6,0,0,0.6,4.0,1.0,3.0,4.0,1.0,2.0,2.0,2.0,4.0,1.0,3.0,3.0,3.0,4.0,3.0,1.0,1.0,3.0,3.0,3.0,3.0,1.0,1.0,610055ffe4d2514e9cf1073f,8.0,6.5,2.3333333333333335,2.3333333333333335,3.0,3.0,3.0,3.0,6.0,6,1
154,155,1980-01-01 00:00:00,5.0,en,565446866,29.0,1,High school,,Employed full-time,,8.0,7.0,8.0,7.0,0,0,0,0,0,0,0,0,0,0,0,Local,3.0,7.0,2.0,8.0,2.0,0,,5.0,4.0,4.0,1,1,1.0,0,0,0.6,0,0,0.6,3.0,2.0,3.0,4.0,4.0,4.0,5.0,5.0,5.0,2.0,5.0,4.0,4.0,5.0,5.0,1.0,4.0,4.0,4.0,5.0,4.0,1.0,3.0,60ed0e7149a025da16189d35,4.0,6.0,4.333333333333333,3.5,3.0,1.0,2.0,2.0,0.0,3,3
155,156,1980-01-01 00:00:00,5.0,en,1165751689,42.0,1,Undergraduate (University),,Employed full-time,,4.0,5.0,6.0,3.0,0,0,0,0,0,0,0,0,0,0,1,0,6.0,6.0,6.0,6.0,3.0,1,,4.0,4.0,4.0,0,0,0.6,0,0,0.6,0,0,0.6,5.0,5.0,7.0,7.0,7.0,1.0,1.0,1.0,1.0,1.0,1.0,1.0,1.0,1.0,1.0,1.0,1.0,5.0,5.0,4.0,3.0,4.0,4.0,5fca97a4b105427256733533,8.0,7.0,1.0,4.166666666666667,1.0,2.0,1.0,1.0,2.0,3,1
156,157,1980-01-01 00:00:00,5.0,en,586207695,66.0,0,University of Applied Sciences degree,,Employed part-time,,1.0,10.0,10.0,1.0,0,0,0,1,1,0,0,0,0,0,0,0,7.0,1.0,7.0,5.0,7.0,-1,,4.0,1.0,1.0,0,0,0.6,1,1,0.6,1,1,0.6,4.0,4.0,4.0,4.0,4.0,3.0,3.0,3.0,3.0,1.0,1.0,3.0,3.0,3.0,3.0,1.0,1.0,3.0,3.0,3.0,3.0,1.0,1.0,5c6b646349b7f0000120b659,10.0,10.0,2.3333333333333335,2.3333333333333335,3.0,3.0,6.0,6.0,3.0,2,5
157,158,1980-01-01 00:00:00,5.0,en,1335485680,38.0,0,Undergraduate (University),,Employed part-time,,6.0,7.0,9.0,6.0,1,0,0,0,0,0,0,0,0,0,0,0,6.0,7.0,4.0,5.0,6.0,1,,3.0,3.0,3.0,1,1,0.8,0,0,0.6,0,0,0.6,5.0,5.0,5.0,5.0,5.0,4.0,4.0,4.0,3.0,4.0,3.0,3.0,3.0,4.0,4.0,3.0,2.0,3.0,3.0,4.0,3.0,3.0,3.0,5ffe640167408f52d6db782c,5.0,7.0,3.6666666666666665,3.1666666666666665,3.0,1.0,3.0,3.0,1.0,2,1
158,159,1980-01-01 00:00:00,5.0,en,2020189541,52.0,0,High school,,Self-employed,,1.0,3.0,9.0,3.0,0,0,0,0,0,0,0,0,0,0,1,0,1.0,8.0,1.0,3.0,2.0,-1,,4.0,4.0,4.0,0,0,0.6,0,0,0.6,0,0,0.6,4.0,4.0,4.0,4.0,4.0,3.0,3.0,3.0,4.0,1.0,3.0,3.0,3.0,3.0,5.0,3.0,3.0,3.0,3.0,3.0,3.0,3.0,3.0,5bca8e280f10750001d76774,8.0,8.5,2.8333333333333335,3.0,2.0,2.0,2.0,2.0,2.0,0,3
159,160,1980-01-01 00:00:00,5.0,en,303003860,51.0,1,Undergraduate (University),,Employed full-time,,4.0,5.0,7.0,3.0,0,0,0,0,1,0,0,1,0,0,0,0,4.0,5.0,5.0,5.0,2.0,1,,5.0,4.0,4.0,1,1,0.6,0,0,0.6,0,0,0.6,5.0,6.0,6.0,6.0,4.0,2.0,2.0,2.0,3.0,1.0,3.0,3.0,3.0,3.0,3.0,3.0,3.0,3.0,3.0,3.0,3.0,3.0,3.0,5a4d81d1f4c9dc000164a098,8.0,7.5,2.1666666666666665,3.0,3.0,3.0,2.0,2.0,4.0,3,1
160,161,1980-01-01 00:00:00,5.0,en,1715373104,24.0,0,High school,,Unemployed,,1.0,1.0,6.0,2.0,0,0,1,0,0,0,0,0,0,0,0,0,6.0,5.0,5.0,5.0,4.0,Other,No affiliation,4.0,4.0,4.0,1,0,0.8,0,0,0.2,0,0,0.2,4.0,4.0,4.0,4.0,4.0,3.0,3.0,3.0,4.0,3.0,3.0,3.0,3.0,3.0,3.0,3.0,3.0,3.0,3.0,3.0,3.0,3.0,3.0,5c1ac9a924e01a000144e64a,9.0,7.5,3.1666666666666665,3.0,0.0,0.0,0.0,0.0,0.0,6,3
161,162,1980-01-01 00:00:00,5.0,en,785148761,22.0,0,University of Applied Sciences degree,,Employed part-time,,5.0,6.0,8.0,6.0,0,1,0,0,0,0,0,0,0,0,0,0,6.0,4.0,3.0,8.0,5.0,-1,,7.0,3.0,2.0,1,0,0.4,0,0,0.8,0,0,0.2,7.0,6.0,5.0,5.0,3.0,3.0,2.0,3.0,1.0,3.0,2.0,1.0,4.0,3.0,4.0,3.0,5.0,5.0,3.0,1.0,2.0,5.0,4.0,606ce0f75b8d0912f0c4f866,5.0,6.5,2.3333333333333335,3.3333333333333335,2.0,2.0,2.0,3.0,1.0,2,5
162,163,1980-01-01 00:00:00,5.0,en,565779240,19.0,1,High school,,Student,,2.0,6.0,7.0,4.0,0,0,0,0,0,0,0,0,0,0,1,0,6.0,4.0,8.0,7.0,6.0,-1,,6.0,5.0,5.0,1,1,0.4,0,0,0.2,0,0,0.2,5.0,6.0,5.0,6.0,3.0,2.0,2.0,2.0,2.0,1.0,2.0,2.0,2.0,2.0,1.0,2.0,2.0,2.0,2.0,2.0,2.0,2.0,2.0,6361684773df215265bd139c,7.0,7.0,1.8333333333333333,2.0,0.0,1.0,1.0,1.0,0.0,1,3
163,164,1980-01-01 00:00:00,5.0,en,916297228,28.0,0,Undergraduate (University),,Employed full-time,,2.0,3.0,9.0,2.0,0,0,1,0,0,1,0,1,0,0,0,0,5.0,5.0,6.0,5.0,4.0,-1,,5.0,5.0,4.0,1,0,0.8,0,0,0.6,1,0,0.8,5.0,6.0,4.0,6.0,4.0,4.0,4.0,4.0,4.0,3.0,4.0,4.0,4.0,4.0,4.0,3.0,4.0,4.0,4.0,4.0,4.0,2.0,4.0,5c873649fff8430016e9aa7a,9.0,9.0,3.8333333333333335,3.6666666666666665,1.0,1.0,1.0,0.0,2.0,3,1
164,165,1980-01-01 00:00:00,5.0,en,1912532656,33.0,0,Undergraduate (University),,Employed full-time,,3.0,7.0,7.0,2.0,0,0,0,0,0,0,0,1,0,0,0,0,6.0,5.0,5.0,8.0,5.0,-1,,2.0,4.0,4.0,1,1,0.8,0,0,0.6,0,0,0.6,4.0,5.0,3.0,6.0,3.0,4.0,4.0,4.0,4.0,1.0,2.0,3.0,3.0,3.0,3.0,3.0,5.0,3.0,3.0,3.0,3.0,3.0,4.0,5fc70104446bb4123cfc7328,9.0,8.0,3.1666666666666665,3.1666666666666665,3.0,1.0,1.0,1.0,0.0,3,1
165,166,1980-01-01 00:00:00,5.0,en,224021260,52.0,0,PhD (University),,Self-employed,,7.0,7.0,8.0,3.0,0,0,0,0,0,0,0,0,0,0,0,Democracy Now!,3.0,7.0,5.0,6.0,6.0,-1,,4.0,4.0,4.0,1,1,0.8,0,0,0.6,0,0,0.6,4.0,3.0,5.0,5.0,2.0,4.0,4.0,4.0,5.0,2.0,5.0,3.0,3.0,3.0,4.0,1.0,5.0,3.0,3.0,3.0,4.0,1.0,5.0,60c81a232837d9f7d4a641bf,8.0,8.0,4.0,3.1666666666666665,2.0,2.0,2.0,2.0,3.0,0,6
166,167,1980-01-01 00:00:00,5.0,en,282461515,33.0,1,Undergraduate (University),,Employed full-time,,5.0,7.0,9.0,7.0,0,0,1,0,0,0,0,0,0,0,0,0,8.0,2.0,6.0,4.0,5.0,-1,,4.0,4.0,3.0,1,1,0.8,0,0,0.8,0,0,0.6,4.0,5.0,5.0,5.0,5.0,3.0,3.0,3.0,4.0,3.0,5.0,3.0,3.0,3.0,3.0,3.0,4.0,3.0,3.0,3.0,4.0,3.0,4.0,640aa1e85a4f015930c65b0c,4.0,6.5,3.5,3.3333333333333335,1.0,1.0,1.0,2.0,0.0,3,1
167,168,1980-01-01 00:00:00,5.0,en,2019551987,26.0,1,Undergraduate (University),,Employed part-time,,3.0,6.0,9.0,2.0,1,1,0,0,1,1,1,1,0,1,0,0,3.0,7.0,5.0,6.0,3.0,1,,6.0,5.0,6.0,1,1,0.8,0,0,0.6,0,0,0.6,6.0,7.0,5.0,6.0,2.0,5.0,4.0,5.0,5.0,2.0,4.0,4.0,2.0,2.0,3.0,1.0,4.0,3.0,2.0,2.0,4.0,1.0,2.0,5fc1e71eff237c1f8708ef5a,9.0,9.0,4.166666666666667,2.3333333333333335,3.0,3.0,2.0,3.0,4.0,2,1
168,169,1980-01-01 00:00:00,5.0,en,625476560,69.0,1,Graduate (University),,Retired,,2.0,3.0,1.0,9.0,0,0,0,0,0,0,0,1,0,0,0,0,6.0,9.0,5.0,5.0,7.0,-1,,4.0,4.0,4.0,1,0,0.6,0,0,0.6,0,0,0.4,5.0,3.0,4.0,6.0,1.0,4.0,4.0,4.0,5.0,2.0,4.0,2.0,2.0,2.0,3.0,1.0,1.0,2.0,2.0,2.0,2.0,1.0,1.0,5a59305aeedc320001427f5f,2.0,1.5,3.8333333333333335,1.6666666666666667,3.0,2.0,3.0,3.0,4.0,4,0
169,170,1980-01-01 00:00:00,5.0,en,450166477,19.0,0,High school,,Student,,7.0,7.0,8.0,4.0,0,0,0,0,0,0,0,0,0,0,1,0,6.0,7.0,8.0,4.0,6.0,1,,5.0,2.0,3.0,1,0,0.8,0,0,0.4,0,0,0.4,5.0,5.0,4.0,4.0,4.0,4.0,4.0,4.0,3.0,3.0,3.0,3.0,4.0,4.0,2.0,2.0,3.0,3.0,4.0,4.0,4.0,4.0,4.0,60fee2c94b4db58f1de6cbd0,7.0,7.5,3.5,3.8333333333333335,1.0,1.0,4.0,3.0,1.0,1,3
170,171,1980-01-01 00:00:00,5.0,en,1070873894,38.0,0,Undergraduate (University),,Unemployed,,7.0,8.0,9.0,2.0,0,0,0,0,0,0,0,0,0,0,0,NPR/PBS/BBC,3.0,5.0,5.0,5.0,7.0,-1,,3.0,4.0,3.0,1,0,0.6,1,0,0.6,1,0,0.6,4.0,3.0,4.0,3.0,1.0,3.0,2.0,3.0,4.0,1.0,2.0,3.0,3.0,3.0,4.0,2.0,2.0,2.0,2.0,2.0,3.0,1.0,1.0,602348484d326a1c5aa80bb7,9.0,9.0,2.5,1.8333333333333333,4.0,3.0,3.0,4.0,4.0,6,1
171,172,1980-01-01 00:00:00,5.0,en,252738627,35.0,1,Undergraduate (University),,Employed full-time,,3.0,4.0,9.0,7.0,0,0,0,1,1,0,0,0,1,1,0,0,3.0,9.0,6.0,4.0,6.0,-1,,3.0,4.0,4.0,1,1,0.8,1,0,0.6,1,0,0.6,4.0,1.0,6.0,3.0,1.0,4.0,4.0,4.0,5.0,2.0,5.0,3.0,2.0,2.0,5.0,1.0,4.0,3.0,2.0,2.0,5.0,1.0,4.0,6100ac178a474bfcc555379b,4.0,6.5,4.0,2.8333333333333335,3.0,2.0,2.0,2.0,5.0,3,1
172,173,1980-01-01 00:00:00,5.0,en,1222573975,32.0,1,Graduate (University),,Student,,4.0,7.0,9.0,3.0,0,1,1,0,0,0,0,1,0,0,0,0,3.0,7.0,6.0,6.0,6.0,-1,,4.0,4.0,4.0,1,1,0.8,0,0,0.6,0,0,0.6,6.0,5.0,3.0,5.0,4.0,4.0,4.0,5.0,5.0,3.0,5.0,4.0,3.0,3.0,5.0,3.0,5.0,4.0,4.0,4.0,5.0,3.0,5.0,5e51bd7888c3051f86b49096,8.0,8.5,4.333333333333333,4.166666666666667,2.0,0.0,2.0,2.0,1.0,1,0
173,174,1980-01-01 00:00:00,5.0,en,2010341895,30.0,1,Undergraduate (University),,Employed full-time,,3.0,8.0,10.0,1.0,0,1,1,1,1,1,1,1,1,1,0,0,6.0,5.0,7.0,8.0,7.0,-1,,4.0,4.0,4.0,1,1,0.8,0,0,0.8,1,0,0.8,4.0,3.0,5.0,6.0,2.0,3.0,4.0,3.0,5.0,4.0,5.0,4.0,2.0,3.0,4.0,2.0,4.0,4.0,3.0,3.0,4.0,1.0,4.0,617603982bd663edbfcf3597,10.0,10.0,4.0,3.1666666666666665,3.0,3.0,3.0,3.0,4.0,3,1
174,175,1980-01-01 00:00:00,5.0,en,1891907360,23.0,0,Undergraduate (University),,Employed full-time,,6.0,7.0,7.0,8.0,0,0,0,1,0,0,0,1,1,1,0,0,5.0,6.0,5.0,6.0,5.0,-1,,5.0,5.0,6.0,1,1,0.8,0,0,0.6,0,0,0.6,5.0,4.0,3.0,4.0,3.0,4.0,4.0,4.0,4.0,3.0,4.0,3.0,3.0,3.0,3.0,3.0,3.0,3.0,3.0,3.0,3.0,3.0,3.0,5dce3ccc32ccbf0cd54263db,3.0,5.0,3.8333333333333335,3.0,0.0,0.0,0.0,1.0,1.0,3,1
175,176,1980-01-01 00:00:00,5.0,en,116730934,24.0,1,Undergraduate (University),,Employed part-time,,4.0,7.0,6.0,4.0,0,0,0,0,0,0,0,0,0,0,1,0,3.0,4.0,6.0,5.0,6.0,0,,6.0,4.0,4.0,1,1,0.8,0,0,0.6,0,0,0.6,6.0,5.0,6.0,5.0,4.0,4.0,5.0,4.0,4.0,4.0,5.0,4.0,4.0,3.0,3.0,2.0,4.0,4.0,4.0,3.0,4.0,2.0,4.0,5b6cf2c61b61b60001bc0678,7.0,6.5,4.333333333333333,3.5,0.0,0.0,2.0,2.0,1.0,2,1
176,177,1980-01-01 00:00:00,5.0,en,1705724498,39.0,1,Completed vocational training,,Employed full-time,,7.0,5.0,8.0,3.0,0,0,0,0,0,0,0,0,0,0,1,0,4.0,4.0,7.0,5.0,3.0,1,,6.0,6.0,6.0,0,1,0.4,1,0,0.4,1,0,0.4,5.0,6.0,4.0,5.0,4.0,3.0,4.0,3.0,4.0,3.0,4.0,2.0,2.0,2.0,3.0,1.0,2.0,2.0,2.0,2.0,3.0,1.0,1.0,6340c2fb43e8f31b182c5058,8.0,8.0,3.5,1.8333333333333333,3.0,2.0,3.0,3.0,3.0,3,4
177,178,1980-01-01 00:00:00,5.0,en,1050387476,49.0,1,Completed vocational training,,Self-employed,,4.0,8.0,10.0,2.0,0,0,0,0,0,0,0,0,0,0,1,0,2.0,7.0,7.0,6.0,4.0,0,,4.0,4.0,4.0,1,1,0.4,0,0,0.6,0,0,0.6,7.0,7.0,6.0,5.0,5.0,2.0,2.0,2.0,4.0,1.0,3.0,3.0,3.0,3.0,3.0,3.0,3.0,3.0,3.0,3.0,3.0,3.0,3.0,62fd447f13212a11c346c151,9.0,9.5,2.3333333333333335,3.0,0.0,3.0,0.0,0.0,3.0,0,4
178,179,1980-01-01 00:00:00,5.0,en,491866376,35.0,0,High school,,Self-employed,,1.0,6.0,8.0,3.0,0,0,0,0,0,0,0,0,0,0,1,0,2.0,4.0,4.0,4.0,4.0,0,,4.0,4.0,4.0,0,0,0.8,0,0,0.6,0,0,0.6,5.0,5.0,4.0,4.0,3.0,3.0,2.0,2.0,3.0,1.0,1.0,3.0,3.0,3.0,3.0,3.0,3.0,3.0,3.0,3.0,3.0,3.0,3.0,5b9dd322f074140001050095,8.0,8.0,2.0,3.0,0.0,1.0,0.0,0.0,1.0,0,3
179,180,1980-01-01 00:00:00,5.0,en,1326622713,31.0,1,Graduate (University),,Employed full-time,,4.0,3.0,7.0,6.0,0,1,0,1,0,0,0,0,0,0,0,0,4.0,6.0,5.0,6.0,5.0,Other,Libertarian,3.0,4.0,4.0,1,0,0.4,0,0,0.6,0,0,0.6,3.0,3.0,3.0,5.0,3.0,2.0,2.0,3.0,4.0,2.0,3.0,2.0,3.0,3.0,2.0,2.0,3.0,2.0,3.0,3.0,3.0,2.0,3.0,59b700a26039190001eaa9df,5.0,6.0,2.6666666666666665,2.6666666666666665,2.0,2.0,1.0,1.0,2.0,3,0
180,181,1980-01-01 00:00:00,5.0,en,2117713029,36.0,1,High school,,Employed part-time,,3.0,4.0,10.0,4.0,0,0,1,0,0,1,0,1,0,0,0,0,3.0,6.0,5.0,5.0,2.0,1,,6.0,5.0,6.0,1,1,0.8,0,0,0.6,0,0,0.6,5.0,6.0,2.0,6.0,3.0,3.0,3.0,3.0,4.0,3.0,4.0,3.0,3.0,2.0,3.0,2.0,2.0,3.0,2.0,2.0,3.0,1.0,2.0,628e24c80b3e2b2e0d7a5af1,7.0,8.5,3.3333333333333335,2.1666666666666665,4.0,3.0,3.0,4.0,4.0,2,3
181,182,1980-01-01 00:00:00,5.0,en,1402186188,32.0,0,Graduate (University),,Homemaker,,7.0,5.0,8.0,6.0,0,0,0,0,0,0,0,0,1,1,0,0,4.0,7.0,6.0,9.0,6.0,0,,6.0,6.0,5.0,1,1,1.0,0,0,0.6,0,0,0.4,4.0,4.0,5.0,3.0,4.0,4.0,4.0,5.0,5.0,2.0,5.0,3.0,3.0,3.0,3.0,3.0,3.0,3.0,3.0,3.0,3.0,3.0,3.0,62ac8d659c88fde55ead0662,5.0,6.5,4.166666666666667,3.0,0.0,2.0,0.0,1.0,2.0,5,0
182,183,1980-01-01 00:00:00,5.0,en,1843464073,34.0,1,Undergraduate (University),,Self-employed,,5.0,6.0,8.0,4.0,0,1,1,0,0,0,0,1,1,0,0,0,4.0,2.0,6.0,4.0,6.0,-1,,4.0,4.0,4.0,1,1,0.8,1,0,0.6,1,0,0.6,4.0,4.0,4.0,4.0,1.0,2.0,3.0,3.0,4.0,2.0,3.0,2.0,3.0,3.0,4.0,2.0,3.0,2.0,3.0,3.0,4.0,2.0,3.0,63d165bb3190f492951fa6ad,7.0,7.5,2.8333333333333335,2.8333333333333335,2.0,2.0,2.0,2.0,2.0,0,1
183,184,1980-01-01 00:00:00,5.0,en,688869221,22.0,1,Undergraduate (University),,Employed full-time,,6.0,5.0,6.0,5.0,0,0,0,0,0,0,0,0,0,0,1,0,6.0,7.0,6.0,7.0,4.0,Other,Libertarian,6.0,4.0,4.0,1,1,0.6,0,0,0.6,0,0,0.6,4.0,5.0,6.0,4.0,4.0,4.0,4.0,4.0,4.0,3.0,4.0,4.0,3.0,3.0,3.0,3.0,4.0,3.0,3.0,3.0,3.0,3.0,3.0,631677f8fc854c3fa6719de1,6.0,6.0,3.8333333333333335,3.0,2.0,0.0,0.0,0.0,1.0,3,1
184,185,1980-01-01 00:00:00,5.0,en,325771207,37.0,1,Undergraduate (University),,Employed full-time,,5.0,6.0,8.0,5.0,0,1,1,0,0,1,0,1,0,0,0,0,5.0,6.0,6.0,5.0,7.0,-1,,4.0,4.0,4.0,1,1,0.8,0,0,0.2,0,0,0.2,4.0,3.0,1.0,5.0,1.0,4.0,4.0,4.0,5.0,1.0,3.0,3.0,3.0,3.0,3.0,3.0,3.0,3.0,3.0,3.0,3.0,3.0,3.0,56a7b5eac89737000b225d0e,6.0,7.0,3.5,3.0,3.0,3.0,3.0,3.0,4.0,3,1
185,186,1980-01-01 00:00:00,5.0,en,866594203,22.0,0,High school,,Employed full-time,,2.0,5.0,9.0,3.0,0,1,1,1,1,0,0,1,1,1,0,0,3.0,5.0,5.0,5.0,6.0,-1,,4.0,4.0,4.0,1,1,0.8,0,0,0.6,0,0,0.6,4.0,4.0,6.0,6.0,2.0,4.0,4.0,4.0,5.0,5.0,4.0,3.0,3.0,3.0,3.0,3.0,3.0,3.0,3.0,3.0,3.0,3.0,3.0,60fcd2dd707fa1b11edb5152,8.0,8.5,4.333333333333333,3.0,2.0,2.0,2.0,2.0,2.0,3,3
