,wtp_none,wtp_dev,wtp_treateff,woa_none,woa_dev,woa_treateff,g1_sticky_none,g1_sticky_dev,g1_sticky_treateff,g1_predonly_none,g1_predonly_dev,g1_predonly_treateff
"('sex_mig_prolific', 'aggregated', 'robust')",0.29400781829188805,0.39083906856150985,0.7045773051619574,0.08180026392187356,0.07812268923647474,0.3612430820723015,0.2814064981001222,0.0007887927734338867,0.29817375203967167,0.22286609459699647,0.0050747492355651255,0.24233835829595085
"('sex_mig_prolific', 'aggregated', 'dev_cluster')",0.24529350297901972,0.12312362873836473,0.5826280450039183,0.039907321791742216,0.08653654432983103,0.5309350414966798,0.21588281509619422,0.056653629937955766,0.2817987407524616,0.1573082056140422,0.05278490621481425,0.24347730170610316
"('sex_mig_prolific', 'aggregated', 'task_cluster')",0.2625656822994317,0.7568547225893176,0.9056123040900811,0.28666136145579485,0.050777624679822296,0.11493602621986505,0.40700098579566163,0.0868141650878519,0.42733220452134224,0.46039288921030863,0.029095196234044336,0.5372186393984908
"('sex_mig_prolific', 'aggregated', 'dev_task_cluster')",0.2337577537531588,0.5327206996202005,0.7719661543244969,0.056211656096671905,0.2266628986488774,0.36173312886845815,0.10963538487710466,0.007692087850906399,0.2835758693617544,0.10870037907212639,0.03402451186040774,0.2600014818173127
"('sex_mig_prolific', 'aggregated', 'stage_cluster')",0.3100224847018277,0.7264368277226491,0.8936251578595346,0.04829676399971796,0.03976200362267129,0.28019618606230445,0.715393703130382,0.012868683730085248,0.03902295209124631,0.6789671859639554,0.2580242433535711,0.05873887564731092
"('sex_mig_prolific', 'aggregated', 'dev_stage_cluster')",0.27233246651809706,0.48482292490347084,0.8071864903770389,0.1638576561019813,0.1250961983184857,0.3453642649947865,0.430296137956637,0.0279714993315396,0.18566042134856492,0.3626064568950421,0.09763756415107412,0.1673157775976819
"('sex_mig_prolific', 'aggregated weighted', 'robust')",0.21202692032906645,0.5825112959428541,0.7869893929777458,0.22956166491231866,0.2136888938574436,0.16429695699598645,0.5221132929408722,0.0018386541469142296,0.07405469556661938,0.6066209554360564,0.017595576005971614,0.055091447665949915
"('sex_mig_prolific', 'aggregated weighted', 'dev_cluster')",0.19089328591786306,0.35626010635515326,0.802359647358419,0.06559420785607782,0.16263947217471098,0.20972457096776953,0.4693753613914742,0.0800401189188112,0.16827278482666957,0.47233381581228184,0.1257511226234498,0.13144277188375228
"('sex_mig_prolific', 'aggregated weighted', 'task_cluster')",0.27950728704302247,0.8180638308486581,0.9307817383250419,0.391259509188988,0.261108897327699,0.28737466168959636,0.5106513495834673,0.061897574884244466,0.13670673625319946,0.5045041022159394,0.17022327245945873,0.1275402365763741
"('sex_mig_prolific', 'aggregated weighted', 'dev_task_cluster')",0.15575789467760487,0.6796989647400687,0.8404859462105435,0.24631554714447768,0.24989536187746036,0.21150596823740767,0.3396811737291692,0.011201909694296708,0.03838188893089557,0.3263942556555931,0.042749935052446904,0.03557451706538882
"('sex_mig_prolific', 'aggregated weighted', 'stage_cluster')",0.04808613758503911,0.7772062839684569,0.8855487437421795,0.11315595254843515,0.46144548322267487,0.2647919126764732,0.7830110891344472,0.02790815816824821,0.0978731173468658,0.8158891705308348,0.07867908321146912,0.19594938709834384
"('sex_mig_prolific', 'aggregated weighted', 'dev_stage_cluster')",0.07934469132802248,0.6117041588359042,0.8479276578262144,0.35956923319753104,0.2458940864632798,0.1805345145041156,0.6111585620315445,0.054883658033159366,0.0390230648702078,0.6124829067243448,0.17427158211237365,0.059357369983163225
"('sex_mig_prolific', 'single', 'robust')",0.14734695588989544,0.09709588059136234,0.08244609568417527,0.18060049723083638,0.03621230033033085,0.23307191962276974,0.24833818744422265,0.01456708248801686,0.45186582201842684,0.1849007338140064,0.014613864291848702,0.37597465775119665
"('sex_mig_prolific', 'single', 'dev_cluster')",0.007593976663708995,0.04668073257873981,0.04152708285959247,0.05825228433582083,0.0010793977048371023,0.09422717141813806,0.19219143234989322,0.008118430692386524,0.3047207308127855,0.2461730566377748,0.04820169356007126,0.3779461254317419
"('sex_mig_prolific', 'single', 'task_cluster')",0.04546004610187911,0.2922875860190371,0.14687677135822474,0.005639261250879394,0.35029855015916317,0.0852407917557535,0.11514341935249155,0.01073851496678639,0.44876214449684276,0.22824867220320702,0.09232198908672293,0.44940132752396844
"('sex_mig_prolific', 'single', 'dev_task_cluster')",0.08628281243514933,0.04492815694370027,0.10068222030847157,0.04367548673966937,0.023300737383797235,0.04256578703390688,0.04735387704367365,0.020337722426893384,0.27939379434734646,0.1776385667017255,0.018723456021750566,0.29825057881880557
"('sex_mig_prolific', 'single', 'stage_cluster')",0.03458150009635295,0.3559358006313386,0.2531628558016692,0.04540713409529837,0.15539870552285262,0.018142656972430102,0.44440444952994496,0.05196697573735103,0.3102231820739988,0.1237154304705311,0.042971421791107814,0.6181873887521755
"('sex_mig_prolific', 'single', 'dev_stage_cluster')",0.006038061808046784,0.0713110365998322,0.08692506354010102,0.0974779322688114,0.03417339533627678,0.1652034651225417,0.24541635710663554,0.03201891174722914,0.44456891965564554,0.3022218366041066,0.05376086172785751,0.43519300777336795
"('sex_mig_prolific', 'single weighted rel', 'robust')",0.4022727241845515,0.09084231672287298,0.23052684334716123,0.15232455566961262,0.10827451953686318,0.464014512173225,0.3127075826246317,0.005331299624860001,0.24831450041660785,0.44416668608663235,0.021342320112534962,0.3299755284497583
"('sex_mig_prolific', 'single weighted rel', 'dev_cluster')",0.13265141505614822,0.010731631288400508,0.013400678100520274,0.1317896255541704,0.0806522762696513,0.28102497252693037,0.12041887035835726,0.015166053903311869,0.11935556019560647,0.12839491316822832,0.0015314313166654853,0.3503550803929316
"('sex_mig_prolific', 'single weighted rel', 'task_cluster')",0.28467089319719235,0.07901525419574303,0.05893491078358837,0.10783457779762656,0.4746002345519828,0.18381391165271702,0.10900709952498644,0.1069144648713071,0.24755783216651636,0.0701614830722136,0.10815569843507895,0.3527646644287149
"('sex_mig_prolific', 'single weighted rel', 'dev_task_cluster')",0.34424588540737583,0.016958782120585946,0.11878079795736551,0.10353234602995523,0.12572507174638942,0.1340212476012628,0.18909119487428377,0.019246185634335996,0.3424598256584696,0.27068079237657794,0.03483939917215264,0.2546149345481197
"('sex_mig_prolific', 'single weighted rel', 'stage_cluster')",0.11051355411787515,0.33556633139709385,0.42116261009965567,0.1212923761047245,0.12377017328771327,0.014183074911909515,0.6589684727436232,0.08786919572064658,0.27755840616482197,0.29412547583495263,0.09723440163067207,0.06955616673130988
"('sex_mig_prolific', 'single weighted rel', 'dev_stage_cluster')",0.09753699554089497,0.05107167706548296,0.2385081841836419,0.29344431387710307,0.11207074503081119,0.3080753177059406,0.4293785888998185,0.024973147591007664,0.38325352268361873,0.5315213459487463,0.006621178169469633,0.4063691009805221
"('sex_mig_prolific', 'single weighted abs', 'robust')",0.23039116830686313,0.06838408906266957,0.17227600492561623,0.22054489862296478,0.08913052226446708,0.2556632917458974,0.13940123083572922,0.012825366187717555,0.09355448654366112,0.6983444748601487,0.03132723088385625,0.25536177349851497
"('sex_mig_prolific', 'single weighted abs', 'dev_cluster')",0.03317055911032096,0.012267920027657555,0.026022600826695746,0.19635918870613622,0.02760714037308461,0.2102373459650754,0.18319769274809405,0.01672150545825726,0.08664569678892721,0.44788606831634037,0.011917803940670622,0.25959458377512173
"('sex_mig_prolific', 'single weighted abs', 'task_cluster')",0.1782022693438018,0.008955210448048007,0.10183754153709346,0.3121870580421928,0.4258447245790245,0.04857246172739574,0.24542616805208725,0.04350221536259286,0.08753412601014605,0.5241839714964094,0.06052464768404473,0.08363586540831953
"('sex_mig_prolific', 'single weighted abs', 'dev_task_cluster')",0.14754451059003693,0.03326217930583816,0.010003744638828097,0.2613232439553988,0.06579874232837332,0.0442302902443749,0.14957753482828137,0.024687609958096476,0.2311172639032657,0.5003199259675146,0.02280232095278898,0.14820177173864638
"('sex_mig_prolific', 'single weighted abs', 'stage_cluster')",0.02425478374773554,0.3932606326716222,0.2578297155979393,0.13450644474761486,0.19948488860820174,0.0379858166094247,0.47266936017887723,0.025782513847071222,0.23895953925529065,0.18752561679038024,0.0984417742904864,0.2957390522487217
"('sex_mig_prolific', 'single weighted abs', 'dev_stage_cluster')",0.0022159623723746356,0.0604049829510995,0.27051722125797373,0.33733871642021335,0.041857088199548836,0.199446565126046,0.31933134660677936,0.038632783947548405,0.271754189536854,0.736743643762561,0.023746805055598032,0.3930860034748904
"('raw', 'aggregated', 'robust')",0.32100630742175507,0.8965248764926389,0.8812597730640882,0.06833757580520294,0.07523058942926886,0.323177341933108,0.23111710827394993,0.00028101066696846727,0.31109705050646275,0.18000684918576915,0.002262542268609801,0.20335811873257503
"('raw', 'aggregated', 'dev_cluster')",0.4664721670998164,0.7287454892196985,0.6950946872959218,0.024620616213072318,0.10264556770519961,0.547679033936433,0.18399642304565764,0.07642077219541228,0.41817012583379887,0.11992549984128849,0.08569577963684603,0.3310130775944524
"('raw', 'aggregated', 'task_cluster')",0.2802761042615622,0.9509229317656541,0.9590220690651161,0.43580985151782725,0.14039163490429785,0.487885869705114,0.1528774981467674,0.07992570107995445,0.3897466316533136,0.08886376316005895,0.011381659461097173,0.36715720863877727
"('raw', 'aggregated', 'dev_task_cluster')",0.38352838443415926,0.9145671900276298,0.9021200246553085,0.14839271440040772,0.20676352837007003,0.3828760614205198,0.07708525655867163,0.00711984582368701,0.26823170630244075,0.04332210842296268,0.03297153750507619,0.2021810952423492
"('raw', 'aggregated', 'stage_cluster')",0.5142483183794162,0.9537145413257798,0.9645790801769217,0.0024213925579345237,0.012673075110350965,0.11466128293527285,0.60107949058924,0.028864359168177305,0.17153702777626634,0.5600605739334437,0.23188853494846032,0.23893428950629234
"('raw', 'aggregated', 'dev_stage_cluster')",0.3678781741277476,0.9085374264275015,0.922003801578539,0.028893427361124206,0.16838293486381825,0.35773987562293785,0.23256929677993446,0.02118338067776096,0.31623486451014,0.21016667788474425,0.08659929408649263,0.24461207514166905
"('raw', 'aggregated weighted', 'robust')",0.26298363106642153,0.7455131458353883,0.7870748479249459,0.30765894848252884,0.2639357181410833,0.13040241175452005,0.2917016700009406,0.0006149024054132024,0.05305186709246281,0.42580917126047124,0.013626959281676634,0.03758369553907266
"('raw', 'aggregated weighted', 'dev_cluster')",0.3917293415385632,0.15973442177361313,0.3616561221959256,0.12189528138799648,0.24550939434340802,0.24685431115611334,0.08845463160373865,0.06551453603895172,0.20611034728642397,0.23047169232128892,0.17200405530615656,0.16869242952254992
"('raw', 'aggregated weighted', 'task_cluster')",0.3251409301235973,0.8631398497304241,0.9245745669126347,0.587340315683123,0.38353449658112776,0.44326502654238703,0.6147653284511039,0.07142984866939904,0.04116977143735001,0.6012372979868883,0.21586641852901178,0.03849802445284389
"('raw', 'aggregated weighted', 'dev_task_cluster')",0.24901386302631945,0.7714269507176272,0.8138261837602764,0.39808907738079446,0.3138071863109987,0.2419037861493285,0.22488246163612524,0.007359944842161304,0.04381054242331348,0.2454672336830188,0.051453484976196937,0.03653120569355166
"('raw', 'aggregated weighted', 'stage_cluster')",0.20531089402344244,0.8301175011874935,0.8996235938071712,0.15587432395478343,0.49913411147710224,0.28353802307055664,0.5852761372774226,0.03649631959850783,0.15130704921261023,0.6598687706283937,0.015240216545071406,0.2535041994664234
"('raw', 'aggregated weighted', 'dev_stage_cluster')",0.18190194079269287,0.7361847295368471,0.8347680608378034,0.3090964972860693,0.33524329772558925,0.14528354459083107,0.29105568163950035,0.03954352672947355,0.06939429771669696,0.28838528372625377,0.1761382812330624,0.10172919701094293
"('raw', 'single', 'robust')",0.09139888143701587,0.1293869460946073,0.06905722998827267,0.10047244777390078,0.042455241929167185,0.21020372050572333,0.10168307700682361,0.008496136912969353,0.19277979794851696,0.0699938400971008,0.015566531452660898,0.1371029399830801
"('raw', 'single', 'dev_cluster')",0.1290027487517047,0.07403676643068148,0.029859668488600468,0.008068548542998285,0.0015567715233568943,0.07405008538090477,0.035168445264668266,0.020282663504431156,0.31630130542013457,0.02902956903869758,0.033673618186221235,0.19120762366132293
"('raw', 'single', 'task_cluster')",0.14549204179104308,0.28464348916773696,0.1666138418839211,0.18848268768423343,0.3469756669462794,0.1985105870433758,0.08239436649810339,0.011716323696693894,0.20083752493512885,0.06595435754673334,0.14844325581511733,0.1314894472792437
"('raw', 'single', 'dev_task_cluster')",0.12915897948474886,0.05805675615749163,0.05251664020246411,0.03537426346485683,0.01954609990759178,0.05315430364242736,0.009143921232626683,0.02558678489365559,0.11045115274665569,0.02383014235772988,0.0263304251704223,0.05594905131648335
"('raw', 'single', 'stage_cluster')",0.2433663202172804,0.41108782392052134,0.4062023069016402,0.1061931835270622,0.14211943009214828,0.038789152370837764,0.24199532481278244,0.030359854177893424,0.20876961850328532,0.03792611154766382,0.03614664587710604,0.3457414220697947
"('raw', 'single', 'dev_stage_cluster')",0.044110507361946646,0.11780219646828718,0.09298370690970187,0.006865235278681735,0.05015879997477325,0.1857601966601258,0.07962724393352555,0.03821840079290427,0.2639061439214008,0.06802351687821957,0.049965558301105904,0.2081795953833305
"('raw', 'single weighted rel', 'robust')",0.2530704303332575,0.12675918837202343,0.20422335338198916,0.20673898903343135,0.11568619408796353,0.4638270368609143,0.24347261045931,0.0022258271749039105,0.17239224431197275,0.35508639981533596,0.010242565157192664,0.09436570396818308
"('raw', 'single weighted rel', 'dev_cluster')",0.30498442945627946,0.013245184972236554,0.017973251040057404,0.08024301687849411,0.07878968288183581,0.2908399864829746,0.12322032600778327,0.004221021340631551,0.1692841702167093,0.1572168208012269,0.0003948051173728887,0.17264104697631655
"('raw', 'single weighted rel', 'task_cluster')",0.3321917151678961,0.04772798547883877,0.0699739088552028,0.18732241484500994,0.48023022659145,0.4665644177165264,0.2874049311892591,0.11047806891964569,0.14372628649857594,0.2688604812066815,0.09067401302762639,0.10829511883796887
"('raw', 'single weighted rel', 'dev_task_cluster')",0.307037317251301,0.009819974669586775,0.11496106919125551,0.04335796517312861,0.12453538706392042,0.17527677086868387,0.2040127582482182,0.02330640955384347,0.08850523925902369,0.16284968530151758,0.04319331114898571,0.04558678662138391
"('raw', 'single weighted rel', 'stage_cluster')",0.2165472212882772,0.3719530130319569,0.5536191955024726,0.25814463943012794,0.15309015811625828,0.28330698441083185,0.42656583103277235,0.06036405823901127,0.07649058902249349,0.05484284786950974,0.07692604488173171,0.029265163287025286
"('raw', 'single weighted rel', 'dev_stage_cluster')",0.15098794079117564,0.0727297215212354,0.2191286870044044,0.13734213342279727,0.11282243238596043,0.32395359988190614,0.31594543278539533,0.023609776101408856,0.18378864804485043,0.4683657999221249,0.005951657471641963,0.20615273495673184
"('raw', 'single weighted abs', 'robust')",0.1907234736513881,0.0988196078616181,0.16417545313044446,0.32196236488259344,0.09439190223942179,0.26401065773635646,0.1269209126537045,0.006437019478931448,0.1155617567033405,0.3515922830308137,0.0266588577168169,0.09024187954477483
"('raw', 'single weighted abs', 'dev_cluster')",0.10812233440415502,0.018825093088958855,0.02754248984315744,0.13359802833179726,0.0226855144965805,0.24562819257369833,0.0038845189598733236,0.006222940079517965,0.06677760282849034,0.052498350572188573,0.0065965093624577205,0.19219369054889698
"('raw', 'single weighted abs', 'task_cluster')",0.25011021684068246,0.06185677702400641,0.13566835073898045,0.058721238853813015,0.4052065743943725,0.17472323551236502,0.21848797979057916,0.027215930891288726,0.05894488929276272,0.5805863202263316,0.01674061298378162,0.053174413670815636
"('raw', 'single weighted abs', 'dev_task_cluster')",0.12375579864006846,0.023150882242487184,0.008793361753790509,0.3859068502678919,0.0554428937929714,0.07951367667857873,0.1669341288973137,0.020635066100772582,0.08576806252918065,0.1694969919797468,0.029031198760469504,0.044488797959614995
"('raw', 'single weighted abs', 'stage_cluster')",0.10462523152616636,0.4336100976677342,0.4611390412199366,0.20235892992865795,0.20923747025796213,0.16112638946167462,0.5145797594140407,0.0741825676612969,0.1964252932082896,0.627931229360298,0.09147318319147794,0.15799101619917177
"('raw', 'single weighted abs', 'dev_stage_cluster')",0.020287623773959765,0.10325924557491707,0.3467537576970354,0.29907453077466806,0.03794915377471186,0.2056445834181837,0.29407651162561316,0.04257161167496095,0.2721590053345198,0.42558579840661165,0.026132256289833556,0.26257168206034265
"('mig_prolific', 'aggregated', 'robust')",0.18332273283615896,0.6099833637598266,0.716352289342791,0.07950621247220531,0.08898657236325078,0.3108830727684889,0.5313962691061263,0.0002756666798006818,0.2102639743513688,0.44502952467842893,0.0021757853965142715,0.15545157345426533
"('mig_prolific', 'aggregated', 'dev_cluster')",0.3127468799490364,0.38739219905278355,0.2483874675489618,0.06747903329853353,0.11913981215610533,0.5807203578026057,0.48187353261077925,0.054994565716318895,0.2035072672348114,0.4452145021471384,0.0616084298644921,0.1655262656021057
"('mig_prolific', 'aggregated', 'task_cluster')",0.043737048967841065,0.8059165468257796,0.8897443263269957,0.3176106350657157,0.0627129349277735,0.24253686598917168,0.1438145835033332,0.06715989787483025,0.39983677469323664,0.4114970216704041,0.01538232834391421,0.40646379799556337
"('mig_prolific', 'aggregated', 'dev_task_cluster')",0.23514375672123145,0.6315769782175674,0.7382134610289273,0.09755592011319894,0.23666704337706546,0.38707832632645567,0.31556311833129846,0.005294007352456748,0.16439088504030921,0.3055162358280528,0.02707845040577464,0.13363465118420664
"('mig_prolific', 'aggregated', 'stage_cluster')",0.3603204406231337,0.8466489375210849,0.9130747298850255,0.01931791891160125,0.016174578208932193,0.08962429182521933,0.807577052504895,0.014289382048750375,0.0578607893006713,0.7618287625154272,0.22440478019361168,0.160409038240903
"('mig_prolific', 'aggregated', 'dev_stage_cluster')",0.2392787662268594,0.6786349515030347,0.8209211165012403,0.09953344215990342,0.16423110954022505,0.37115960797912523,0.6039706695334464,0.022733952393485215,0.13251836211814771,0.525931725424833,0.08536954856645258,0.12656748465470685
"('mig_prolific', 'aggregated weighted', 'robust')",0.17661864374638014,0.9240904023493571,0.8969592961193222,0.2894517133862522,0.22500624805261138,0.12605252466647474,0.24732803000946002,0.0011550307487087936,0.04046616719494508,0.3126677763609178,0.01045386882366563,0.031096985332008078
"('mig_prolific', 'aggregated weighted', 'dev_cluster')",0.2418186955955229,0.8197424954580509,0.8031990613431272,0.1929432641559386,0.23410336178468913,0.29661945876828566,0.14967257652222077,0.06494572002796081,0.1485190452655761,0.2811636357095592,0.15808587335554328,0.11728111776972944
"('mig_prolific', 'aggregated weighted', 'task_cluster')",0.11273914448439755,0.9587958688811856,0.9603916703481032,0.5225227752459539,0.3121846061095607,0.3901440020252453,0.5531090458591561,0.08579795169951356,0.0481626936649848,0.5445195466349855,0.2140744744064675,0.04484238106704009
"('mig_prolific', 'aggregated weighted', 'dev_task_cluster')",0.1250631432189637,0.9235238630818353,0.9025648028157844,0.37658734410270556,0.277588519458366,0.25113198221386346,0.18962685125512038,0.007248413669629004,0.022140418344181477,0.24104319212456413,0.04747964262228415,0.018948828020304793
"('mig_prolific', 'aggregated weighted', 'stage_cluster')",0.16074215657461088,0.9622841979410667,0.9536526657216918,0.2806647271026287,0.49740129743175826,0.3362672318647194,0.6005157773210278,0.015053722522473731,0.12990009956543228,0.6131855987270833,0.011362120764188218,0.22849029454487194
"('mig_prolific', 'aggregated weighted', 'dev_stage_cluster')",0.10357472004331121,0.9258257374934872,0.9227613447188122,0.3706833725928344,0.31299192168285134,0.1894226493359776,0.2996967538888607,0.04412132830749786,0.030915370509075907,0.2730473381538251,0.16805214549661113,0.056192001886250106
"('mig_prolific', 'single', 'robust')",0.0751203075150797,0.08611857236787739,0.07936038700488152,0.17076996300508795,0.04285149273370941,0.2553311311793135,0.2709150005213925,0.010238008323630459,0.19287245018802268,0.20189624919091076,0.01773193583732586,0.14477362243653175
"('mig_prolific', 'single', 'dev_cluster')",0.12670955904637746,0.048294934573467056,0.041921703609061015,0.021355239943670456,0.0016501134181736688,0.09803112373848108,0.20605050233828942,0.025653994417130604,0.3334491538536346,0.29250186987746984,0.04167022933358796,0.22838892030010446
"('mig_prolific', 'single', 'task_cluster')",0.2143401214426599,0.2550379613080821,0.1379152904051166,0.0063524394065111916,0.36155243753439364,0.12929310262865107,0.11796260796880721,0.016164157875500313,0.15581375581193796,0.19426275243484567,0.1628087243179877,0.07322784700289517
"('mig_prolific', 'single', 'dev_task_cluster')",0.12328128444854608,0.03488564825894912,0.02527298739683668,0.041864755848941365,0.024376632087874966,0.0700545386852914,0.04780252268609457,0.025846832797122316,0.11193122052079511,0.19245079552191915,0.025798469610611136,0.0743630188473565
"('mig_prolific', 'single', 'stage_cluster')",0.027321059470365065,0.3439071591327726,0.3930912540409455,0.05628257755253476,0.12903625122341858,0.01900693792348735,0.4353293617237986,0.00619048367600176,0.13075340539407274,0.06507845353318602,0.03754176429159813,0.3379194549992295
"('mig_prolific', 'single', 'dev_stage_cluster')",0.03801046510301078,0.06669682951812052,0.07444994395962745,0.08721978241487525,0.042285143652245366,0.19539051388798775,0.25481360739941267,0.04596055299621726,0.2850130795171907,0.32282294872172496,0.0635065749400118,0.23882613033397146
"('mig_prolific', 'single weighted rel', 'robust')",0.2499691760490732,0.0834772970306264,0.23015362263278116,0.20647837462912855,0.11329522784087838,0.47715387904367124,0.2734941038359995,0.0029516965833149113,0.20528695489279536,0.4520079549456506,0.011193736326879216,0.11494456810825318
"('mig_prolific', 'single weighted rel', 'dev_cluster')",0.2733160809965935,0.006212653813928576,0.02979913582307782,0.08851918271746878,0.08166727675213402,0.27678235666948403,0.14585118086943938,0.004219327661854915,0.3054037567130825,0.19820369313022473,0.0004506169716283778,0.18871090069790405
"('mig_prolific', 'single weighted rel', 'task_cluster')",0.4022991440127818,0.08846455463899178,0.018405455855722792,0.07679388718275422,0.48930951666961153,0.20049401129605046,0.39657119717150907,0.13117534683593055,0.09612923534008287,0.1707239529361899,0.12284335532890718,0.07667537384835257
"('mig_prolific', 'single weighted rel', 'dev_task_cluster')",0.306758059768358,0.009957809363620776,0.06866677589644593,0.09998523415955524,0.13216436718535404,0.15503501755080637,0.2226195754663575,0.023693066583645325,0.1095879818183903,0.1812376522689389,0.04250801823845974,0.0575359083305187
"('mig_prolific', 'single weighted rel', 'stage_cluster')",0.2284033188967193,0.32375384025843124,0.5428154719280727,0.2775951720010076,0.16605516597433226,0.350071643043951,0.5387886518275027,0.03815955135636866,0.02163628133892248,0.18418774233286386,0.08354665210268493,0.09538623958561615
"('mig_prolific', 'single weighted rel', 'dev_stage_cluster')",0.15157423641465137,0.04776794229842609,0.18177592524427302,0.21996186345250182,0.11220186190305133,0.31626286686944854,0.3968340218691681,0.021206652595758733,0.22267121119717181,0.4705889095745265,0.005918858439195127,0.23497688100810088
"('mig_prolific', 'single weighted abs', 'robust')",0.18427187448700588,0.058187474193960254,0.1694062252157046,0.3146835182868527,0.09827368851354143,0.2826666499243279,0.13439893837285555,0.00842670791156051,0.10975853226651429,0.34642776407467357,0.02882189873874905,0.11009768165456504
"('mig_prolific', 'single weighted abs', 'dev_cluster')",0.08250804931733963,0.009227239065811518,0.031767967810309515,0.1345904433413071,0.025629003064736103,0.24178491075372194,0.01804170195076504,0.0022848080712941227,0.07521902861745802,0.05330034609665382,0.007611762648571033,0.21813846619505806
"('mig_prolific', 'single weighted abs', 'task_cluster')",0.33070532466122915,0.005495237197864451,0.09835006311144354,0.29442975393631277,0.42974735196976327,0.06308123406089386,0.13770751000683432,0.02586693166297407,0.0634477787702999,0.5856311954018187,0.05749390112025041,0.09395383207908528
"('mig_prolific', 'single weighted abs', 'dev_task_cluster')",0.13003007274772113,0.018574225628654788,0.008382957406675714,0.3710164016889895,0.06959621335122139,0.08075786462666722,0.15397381411774935,0.024116411530682936,0.11424719741085809,0.20489479253240478,0.03232106485294605,0.06207421756451138
"('mig_prolific', 'single weighted abs', 'stage_cluster')",0.12358063207968356,0.3778691557475266,0.47124208273430995,0.3265526448675019,0.2307311962266251,0.20505596888884073,0.4646997729707533,0.012506984230346078,0.21032856650274198,0.27287145138572616,0.04323071668582872,0.15589648970928524
"('mig_prolific', 'single weighted abs', 'dev_stage_cluster')",0.01929796059341595,0.05317413061639697,0.2816005606775853,0.32240253379998607,0.039466492416995874,0.20778947864973946,0.32064035082768555,0.03884676480630032,0.29667939743795585,0.43525004004175766,0.02634947694556678,0.30084109870959413
"('sex_prolific', 'aggregated', 'robust')",0.49063454863403677,0.6157920497898235,0.8901963374170093,0.06363172501951816,0.06517859066788971,0.3884160837251942,0.08844064672612376,0.00046861215274607466,0.4001078231489763,0.0683654242836835,0.005184580504467176,0.2949079162754673
"('sex_prolific', 'aggregated', 'dev_cluster')",0.4637133300118055,0.0631115909404465,0.7106912519042687,0.01100512200780929,0.07864190491193102,0.48045428145719815,0.051843308607934485,0.08122613158421253,0.503240204489144,0.0882082852700534,0.07624259145970785,0.42248089087066787
"('sex_prolific', 'aggregated', 'task_cluster')",0.5776527586049653,0.8584751934795704,0.9682286664425471,0.4001447016798919,0.13584436861226523,0.44869609114654846,0.051933015310588616,0.0940049004599672,0.523097204368128,0.2319915117374783,0.028836356037473133,0.5104611413329119
"('sex_prolific', 'aggregated', 'dev_task_cluster')",0.4551050150695501,0.7464485056140617,0.9207315261788749,0.10340546303260681,0.19844816304850052,0.3511161388096463,0.005028236614659297,0.01048319298986336,0.397114741434966,0.017913012752037716,0.04118409202127778,0.33260472028335986
"('sex_prolific', 'aggregated', 'stage_cluster')",0.5433568856312988,0.8000393926864469,0.9621442558438373,0.06477615522362051,0.0069835627828202405,0.3075355892118575,0.5406373668049855,0.033419897125468924,0.07958989276402066,0.5184653105179208,0.2607019948925892,0.14369135459958501
"('sex_prolific', 'aggregated', 'dev_stage_cluster')",0.44352341852533295,0.6457400511148553,0.9227892050527249,0.07769778077134434,0.1308707382191171,0.308199609630222,0.14763692398796338,0.026400572061604493,0.3581112693605018,0.1383900308364553,0.09723643916372249,0.2965036600316995
"('sex_prolific', 'aggregated weighted', 'robust')",0.3109120910524773,0.9021897150982141,0.896541994590677,0.23457971265834154,0.24932241775898267,0.17524617428085865,0.578832995893681,0.0009632725138497088,0.09409864672824424,0.7534882033551074,0.022417827866864047,0.06423108727145854
"('sex_prolific', 'aggregated weighted', 'dev_cluster')",0.34332146225899396,0.7356445670815033,0.876269872081145,0.03190786543444011,0.17486896050128622,0.15388937311614098,0.5136198621399124,0.07946270110287873,0.23179729153412473,0.5810342855841417,0.13941901452924327,0.18616694013096635
"('sex_prolific', 'aggregated weighted', 'task_cluster')",0.49209734661027277,0.9580495361914982,0.9684982919097276,0.45543345175296696,0.3454372776630775,0.3644814395455547,0.6430462005906693,0.04990485182249064,0.13680444271278677,0.6407156416543989,0.17290085539032057,0.12142963492325988
"('sex_prolific', 'aggregated weighted', 'dev_task_cluster')",0.29651933980873335,0.9324103484340567,0.9246031620326093,0.2623890529409869,0.285300945571877,0.2091642787948564,0.42890054678071016,0.011293517095640077,0.06636361666795167,0.4461003477958921,0.045932817444561035,0.05753848912015492
"('sex_prolific', 'aggregated weighted', 'stage_cluster')",0.08921390965630659,0.9260661967676306,0.9426341735121591,0.007666145892420332,0.4594880340778475,0.20208149453045768,0.7961885040256168,0.04620965197515056,0.12359246799321294,0.8790182517962098,0.08097510081642321,0.22407937149687943
"('sex_prolific', 'aggregated weighted', 'dev_stage_cluster')",0.1421229272786438,0.9003544177223125,0.9226973935436974,0.3076854551389209,0.2661564919160302,0.13518860238334082,0.6472418186270379,0.0479319619827641,0.08911711163148232,0.7157594391350641,0.18326973532639235,0.1089468653550771
"('sex_prolific', 'single', 'robust')",0.18671717866950677,0.14423661149867958,0.07693290315751422,0.09802715759339757,0.035770359418189866,0.1908669890060759,0.08312411084825332,0.011356971785373452,0.4524227204262924,0.06091330535767433,0.011735483053847006,0.372226901287798
"('sex_prolific', 'single', 'dev_cluster')",0.018478739135097642,0.0728991934814869,0.0341959549101212,0.03527253044329559,0.0010704959403619678,0.06690556504482999,0.03493676512088955,0.002866750451738072,0.4028190896126844,0.03571547567552509,0.04373110217964001,0.3579475303880615
"('sex_prolific', 'single', 'task_cluster')",0.08246283816522453,0.3241000875980407,0.17820310954230675,0.18692592237883696,0.3370679300930796,0.16467031105128355,0.08863315796451178,0.014030703319982013,0.07918159234669327,0.0379273811450169,0.08453256835271929,0.39768291871849865
"('sex_prolific', 'single', 'dev_task_cluster')",0.10348751120816904,0.07361858693498033,0.12051755348700034,0.03303754130742545,0.019053307801520432,0.03099434613063228,0.007070277183900493,0.024475778526023124,0.3131845845149488,0.02529316267641095,0.02226168332258929,0.290224542002775
"('sex_prolific', 'single', 'stage_cluster')",0.17256244238620355,0.29080111981517565,0.2700068650907045,0.015896042966592992,0.1632000891938643,0.03556141889618634,0.24171840988866222,0.07518230784090285,0.39812356105636,0.004906008938253713,0.04556105983867178,0.54597005414041
"('sex_prolific', 'single', 'dev_stage_cluster')",0.006534309503612142,0.10124395139955523,0.09648262588855358,0.008245779140637987,0.04107991991889073,0.1572584072250827,0.0794945659860006,0.02723663740881178,0.4250240834316128,0.06535686006133684,0.04237795742825775,0.41672286823968463
"('sex_prolific', 'single weighted rel', 'robust')",0.40998477817249535,0.13714443840806476,0.2029304319425015,0.14563081531561223,0.11065354022052322,0.45276178789305377,0.2988830976997193,0.003721215114317802,0.28064712884791787,0.33657047377479943,0.022584773809423624,0.2922905676343981
"('sex_prolific', 'single weighted rel', 'dev_cluster')",0.18338474843067845,0.0211697707864578,0.005219029111021251,0.06499599695795995,0.0784085461611014,0.2957367347641202,0.06507641802789202,0.013354413705710293,0.27573354740609457,0.06353026546199904,0.0008654539889901519,0.3279762944840512
"('sex_prolific', 'single weighted rel', 'task_cluster')",0.14433681274653065,0.03662695597826426,0.10848184670238638,0.1820947993765811,0.4660196414387962,0.3943181760896436,0.1387290431218771,0.09600753768128441,0.39169895984268177,0.2101997434436001,0.07989654480600081,0.3140912582174352
"('sex_prolific', 'single weighted rel', 'dev_task_cluster')",0.34150034762172216,0.019117675068768287,0.12209606273326512,0.03618803359787232,0.11944397012429456,0.1552831883802366,0.11768710844282151,0.021192171060913274,0.3008702468927359,0.13505028121178433,0.038406248694957956,0.22702946555768616
"('sex_prolific', 'single weighted rel', 'stage_cluster')",0.10941662045358967,0.3837198677454842,0.4403970900936154,0.10393532101951851,0.10922340429978464,0.08657712457006014,0.6682876458691526,0.09940962267314098,0.20483079548370614,0.1558609568290329,0.0916794612418026,0.018386207807130184
"('sex_prolific', 'single weighted rel', 'dev_stage_cluster')",0.08164207774435296,0.08037619395224437,0.2617229737394788,0.1461171275546456,0.11332319641440997,0.31724026535955685,0.3652566119885997,0.02614947344967687,0.35931378005693054,0.44264587166791947,0.006449710148360855,0.36857918734258166
"('sex_prolific', 'single weighted abs', 'robust')",0.2428542838653166,0.11397986846213518,0.16555273477434018,0.21596793459866837,0.08572521735777222,0.2377664809252411,0.13680269811312387,0.009138146375228041,0.1020880086047277,0.7114360144932861,0.03205218987235417,0.22459981207776025
"('sex_prolific', 'single weighted abs', 'dev_cluster')",0.04126697399509567,0.023579768481404344,0.02871407141373354,0.19723433400678417,0.024595945079540885,0.21252964360468699,0.09512937529306328,0.015215919248952353,0.17512608116018943,0.46583471216106875,0.010889755863324186,0.23069872789038212
"('sex_prolific', 'single weighted abs', 'task_cluster')",0.06344296907517852,0.06510877860623901,0.13937346280455387,0.11107062577972197,0.40474173882238423,0.10876665371210231,0.2444799805726283,0.03600145222315245,0.18731740006107206,0.6626704163147221,0.0020700871357157147,0.12446239332476557
"('sex_prolific', 'single weighted abs', 'dev_task_cluster')",0.14747380167900837,0.04086943645646915,0.011249728523620259,0.27018049133145294,0.053576871202492084,0.044512887348859075,0.12458952610749037,0.022461528703670162,0.1675384080877329,0.4914377077528742,0.022806673126880134,0.11848727002288
"('sex_prolific', 'single weighted abs', 'stage_cluster')",0.03687107068818245,0.45062652892352295,0.2439502618848979,0.10825153000312321,0.17645890315061172,0.01581706684138516,0.5267405657240944,0.06743378919781785,0.18386297098912782,0.7104677273168256,0.12804840659984554,0.2644488063624042
"('sex_prolific', 'single weighted abs', 'dev_stage_cluster')",0.0014549891294491897,0.11792432856770572,0.316432191636484,0.31477545231576926,0.04111171035083507,0.19704075895794154,0.2990557253533725,0.03930617838207487,0.2735248528567352,0.7392600890427364,0.02306091788427413,0.3700478647817693
"('sex_only_bin', 'aggregated', 'robust')",0.3024516651700948,0.8792981565235627,0.9309081915084103,0.07232175638683137,0.09572389221973603,0.3532743167781225,0.2305502176744465,0.00030273682356132543,0.3289336925292343,0.18033575411794167,0.002608449817847194,0.21837759656423605
"('sex_only_bin', 'aggregated', 'dev_cluster')",0.44753066111053275,0.6390980716471452,0.7816907233351127,0.022485564177790334,0.08330428852245615,0.5565795458640336,0.18391557386225227,0.07481656778394556,0.42676276850404204,0.12019433830448811,0.08493813622955945,0.3351204513663626
"('sex_only_bin', 'aggregated', 'task_cluster')",0.2585414351621842,0.9429493013212881,0.9760435068770593,0.4439808625117439,0.19231165357049865,0.5328935096234786,0.15154135549084746,0.06471116975748022,0.37643857424206606,0.08646812294200473,0.029596619133402703,0.35149522363803254
"('sex_only_bin', 'aggregated', 'dev_task_cluster')",0.3649271060465707,0.900609040366188,0.9432368610995296,0.15356890615350308,0.22899906016711136,0.40081547752547875,0.07686548452814729,0.0073293622077107694,0.28077131404364564,0.04361148864066512,0.03455990832032839,0.20977127288232927
"('sex_only_bin', 'aggregated', 'stage_cluster')",0.5321276397433945,0.9460422273756747,0.9800049747749144,0.00024956806096789667,0.01140286382288408,0.15671286869301188,0.6006582181801974,0.03242792686695707,0.1570697333355049,0.5606044635623757,0.24488240660229144,0.22814354722917837
"('sex_only_bin', 'aggregated', 'dev_stage_cluster')",0.3669448886063616,0.8919877586092206,0.9554013474156023,0.03105598340102491,0.1919305491689936,0.3661480442856404,0.23223941747091248,0.021246286752756003,0.3256122207900102,0.21079936996325624,0.08945590085570011,0.2618154252098089
"('sex_only_bin', 'aggregated weighted', 'robust')",0.2563085924303419,0.7783974000049196,0.8178978711320026,0.3226885561176215,0.36244120537408187,0.1604279233525039,0.2886983962654861,0.0007074689177000845,0.05900242906263406,0.4259489302102669,0.017643998418359935,0.04308555296265051
"('sex_only_bin', 'aggregated weighted', 'dev_cluster')",0.3989593991167486,0.27773491061591626,0.4633571445417688,0.10324660764867614,0.337357676661983,0.2326150170868141,0.09638769092018618,0.0658159528849332,0.213882669458549,0.22898017807697513,0.17683613660243203,0.1752091118688877
"('sex_only_bin', 'aggregated weighted', 'task_cluster')",0.32885531705182397,0.8826804170768674,0.9358610227451818,0.6036783901349903,0.5068067938548567,0.4999787082462396,0.6146035657348332,0.1043353470073525,0.016934760263675398,0.6027169698100631,0.25253807068433987,0.011860338626991866
"('sex_only_bin', 'aggregated weighted', 'dev_task_cluster')",0.24946720582965645,0.8056101539718499,0.8427357450112782,0.41207400191691335,0.42781888506491844,0.25527851278003166,0.225343556508667,0.008230321633879453,0.04899957011350795,0.24625252860745409,0.06010215954402855,0.04165603262934236
"('sex_only_bin', 'aggregated weighted', 'stage_cluster')",0.2331045457381796,0.8548753328993587,0.9157069019240329,0.1738813887250348,0.5262046707574008,0.2777220041686178,0.582813175100646,0.04778098565790419,0.14424984373637514,0.6606729881355164,0.04858918138141423,0.24806173502493445
"('sex_only_bin', 'aggregated weighted', 'dev_stage_cluster')",0.1917279876548602,0.7691281858382837,0.8580464492665999,0.32239414052259735,0.41832230384319,0.1347652134545531,0.2914216865915541,0.04090650955367217,0.07491487542660553,0.28897397484155657,0.1878088251750383,0.11158484451585367
"('sex_only_bin', 'single', 'robust')",0.08635156551961758,0.15807904338971224,0.06600642264528735,0.09583497600687678,0.07521312472421175,0.3061880595847548,0.10184758650463889,0.00840643405220184,0.19534862375138073,0.0703179390958787,0.021061412204259344,0.13907773773919196
"('sex_only_bin', 'single', 'dev_cluster')",0.11678361758906272,0.06835031670823492,0.01774057672564225,0.012906316445576002,0.004016206644002147,0.18596013872006942,0.03490473492450899,0.027845673814942944,0.31887623851318503,0.029243628955440137,0.04006669385148532,0.19266681038589933
"('sex_only_bin', 'single', 'task_cluster')",0.14848904013281866,0.32623056721338967,0.19130680353706353,0.16655970669766318,0.41691417869031744,0.17429636735977477,0.010353652431444822,0.011725506329234721,0.20513753834007395,0.07131662705515396,0.17336537244027855,0.1217844174408529
"('sex_only_bin', 'single', 'dev_task_cluster')",0.12296401069525552,0.07122097194647943,0.04667719602602219,0.03112681179425032,0.0544268183263224,0.09753507425628233,0.00932966872843831,0.02660720556282711,0.11116738480863302,0.02459981521036865,0.029098120868140977,0.055145732712459275
"('sex_only_bin', 'single', 'stage_cluster')",0.286505210629611,0.44850080011589316,0.42040080311526457,0.1077000438401016,0.17906769189367266,0.09911398802118838,0.24177572084689133,0.00910584493254153,0.19689268730181583,0.03795002028456498,0.011032925229640765,0.35052459461858604
"('sex_only_bin', 'single', 'dev_stage_cluster')",0.048191112381889785,0.125443719146907,0.09171071334929395,0.006673589370182746,0.06625054631316264,0.2754383054872136,0.079327973370828,0.0565117268895814,0.2658564296101886,0.06779589365918755,0.06619423350460511,0.211315753197527
"('sex_only_bin', 'single weighted rel', 'robust')",0.23190026914230089,0.14543653302574175,0.20216926658687384,0.21751307064506809,0.16902079267811831,0.5911717021380472,0.24084576342038178,0.002617403531437225,0.17810414278832776,0.3535422124431239,0.012559069820260872,0.09814962850750068
"('sex_only_bin', 'single weighted rel', 'dev_cluster')",0.27974012746377663,0.026667742546688376,0.010619177325168228,0.0870320646380089,0.13858353213638563,0.4858197948165113,0.11287152223995497,0.003986353284165626,0.1292556862727863,0.1485178861400271,0.0016155841903211343,0.17046624044238093
"('sex_only_bin', 'single weighted rel', 'task_cluster')",0.33149938062488843,0.028510662547910744,0.09852760305135473,0.17879460860432767,0.5449096816880764,0.541618486217238,0.32721252582586313,0.145426248806196,0.12332878868486045,0.2666075576474092,0.11341466317641095,0.08395646022006527
"('sex_only_bin', 'single weighted rel', 'dev_task_cluster')",0.2855859300739388,0.01826451058109351,0.108303152165707,0.042768113017898644,0.21596105006469765,0.41534640880916923,0.20116574299841336,0.024538537190610624,0.08479973277898349,0.16596991810657086,0.051158625915309806,0.04271592719549576
"('sex_only_bin', 'single weighted rel', 'stage_cluster')",0.25161906311228743,0.4020732583521426,0.5559023233341489,0.28237812747135965,0.12947641971233825,0.2463875796324786,0.404191496349074,0.059161282343931275,0.05535538583213442,0.05507057385121269,0.03437459135024,0.020723728626019188
"('sex_only_bin', 'single weighted rel', 'dev_stage_cluster')",0.14968476145954387,0.08014782583550677,0.19415068146901665,0.13781624908978213,0.1226999043288395,0.3607427904856326,0.31309305897960005,0.03347225615822211,0.18645589194335915,0.4679436549575604,0.008824946298008077,0.2112068288616673
"('sex_only_bin', 'single weighted abs', 'robust')",0.1750375128112962,0.11475182393143013,0.15841287194976272,0.33930671055337513,0.16728588681323486,0.3618516098381326,0.12666996435310043,0.007114557134302181,0.11281050808946154,0.34953373013728084,0.03256994191388986,0.09371758143019049
"('sex_only_bin', 'single weighted abs', 'dev_cluster')",0.09734472410927464,0.03197394839556913,0.011632208424567051,0.13521117990128528,0.07857941108785567,0.3949856954572615,0.004544760577335615,0.008280102447636687,0.05369901209486683,0.04886700278645991,0.003567360043555338,0.18866248012746673
"('sex_only_bin', 'single weighted abs', 'task_cluster')",0.24899323626383152,0.07895332247144411,0.16081111578205312,0.06734568742185043,0.4922994075251419,0.2339475997593862,0.23397517688948025,0.07139175778481771,0.06921272301876344,0.5859268357866807,0.029744108710619804,0.07944451612021901
"('sex_only_bin', 'single weighted abs', 'dev_task_cluster')",0.1118376769968225,0.031822561883777044,0.008173272539984172,0.4061058952000045,0.13267424350114873,0.16793136827938684,0.16887485872742006,0.021537633447043993,0.08445376871878758,0.17461309402456093,0.033406591768578124,0.04290981024068556
"('sex_only_bin', 'single weighted abs', 'stage_cluster')",0.13534534101030565,0.45842683869701284,0.4736118112850339,0.20827097670663866,0.21682887996332226,0.16208098978911548,0.5147955961359063,0.022213110725280396,0.17391259814780172,0.6271524840974685,0.08914234809127264,0.15792493342974592
"('sex_only_bin', 'single weighted abs', 'dev_stage_cluster')",0.022640537913778524,0.11490098551467602,0.3006671806585504,0.3204558763479724,0.0494405769491948,0.25767608997975083,0.2929904538254667,0.061767028198517156,0.27451430434552576,0.4234633841919552,0.03610995493107879,0.26728794842607906
"('sexonlybin_mig_prolific', 'aggregated', 'robust')",0.16950102214517304,0.594934296628029,0.676436255200929,0.08276497554564072,0.11310620433533092,0.34359843037306503,0.5312072635476937,0.00033418031338446736,0.22515609022814864,0.4463689438213809,0.002569864480695599,0.16841771286244112
"('sexonlybin_mig_prolific', 'aggregated', 'dev_cluster')",0.2930663462100591,0.33687510961017764,0.18648970511611976,0.06090915205417796,0.09649734114930941,0.594332204012385,0.4817334159144797,0.05390143105364042,0.20622107894658862,0.44831215394438284,0.06153678089844921,0.16423191999230582
"('sexonlybin_mig_prolific', 'aggregated', 'task_cluster')",0.026021808798920423,0.7996420435682187,0.8731816439632645,0.32414202492363375,0.11322948138636273,0.2979477855311365,0.18503864800988637,0.051581884115845876,0.39758292561664393,0.4076449504722559,0.03401429074669879,0.3942324777888359
"('sexonlybin_mig_prolific', 'aggregated', 'dev_task_cluster')",0.2187668165191909,0.6182266821523615,0.7041596215970238,0.09864854183852488,0.2593620526767651,0.4041641766522761,0.3157605514986173,0.005515992510791691,0.17270509789857114,0.3081395682573762,0.028295508152300756,0.13840423207464475
"('sexonlybin_mig_prolific', 'aggregated', 'stage_cluster')",0.3854370502740308,0.8405136904720955,0.9028475912163005,0.019604078996161012,0.040295279580783376,0.13107863029476596,0.8075467661767726,0.017996035370617305,0.03943579237394427,0.7630358882686233,0.23920404794897596,0.14512368909815165
"('sexonlybin_mig_prolific', 'aggregated', 'dev_stage_cluster')",0.24113944376831506,0.6623908676249564,0.7988536532030106,0.10222164254782092,0.18718993624830968,0.3855801884996862,0.6038474877379632,0.022685119312159586,0.14936370600971768,0.5281959162012952,0.08848072205089672,0.1412004457514311
"('sexonlybin_mig_prolific', 'aggregated weighted', 'robust')",0.17117651302846904,0.8846475672106804,0.8670302481932803,0.3035531909365332,0.3134118531935648,0.1565103929616294,0.24652955997442694,0.0012946029430828654,0.0456345176969202,0.3127353204339509,0.014113413797716932,0.03605812448704409
"('sexonlybin_mig_prolific', 'aggregated weighted', 'dev_cluster')",0.2491188204452153,0.7381863950577503,0.7612902354143519,0.17737801951225438,0.2907221348276842,0.28907443756174694,0.15614250030219717,0.06594993562168769,0.15531572788336973,0.2810581755104626,0.16377493945005847,0.12299952592116027
"('sexonlybin_mig_prolific', 'aggregated weighted', 'task_cluster')",0.11461879475745569,0.9385685340978444,0.9491886764938694,0.5392457352563349,0.4254651197737908,0.44924711211772483,0.5530161692056087,0.11924119752663848,0.02504219551204305,0.54633222635518,0.2518040380047433,0.019112499443004295
"('sexonlybin_mig_prolific', 'aggregated weighted', 'dev_task_cluster')",0.12381924038817732,0.8873334056312994,0.87633450455696,0.38805437767852025,0.3746053612242545,0.26184841636078154,0.18989170286422866,0.00816603306608483,0.02549401805307592,0.24222285606040447,0.05652692474340647,0.02250316464182473
"('sexonlybin_mig_prolific', 'aggregated weighted', 'stage_cluster')",0.18423465536596823,0.9439556154178345,0.9412081748946478,0.2974368725414575,0.5246144775385688,0.33664283866931577,0.5984638801598101,0.03330249543871113,0.12118400285051574,0.6140263974229653,0.04717041875455803,0.2213050303265918
"('sexonlybin_mig_prolific', 'aggregated weighted', 'dev_stage_cluster')",0.11134559046572463,0.8870586562656394,0.9000801539156325,0.38232318813868005,0.37742568135434146,0.1854996756757426,0.30006730122546227,0.04557850824061047,0.035364990256728755,0.2737963068089109,0.1799736787527494,0.06333552178724876
"('sexonlybin_mig_prolific', 'single', 'robust')",0.07114002922437566,0.10898844709258301,0.07364699583641485,0.1624752964665961,0.07692900977819257,0.36990681573475526,0.27418839076567736,0.010143538996837653,0.19478645235605363,0.20323423686150943,0.019844331590345116,0.14636454408530258
"('sexonlybin_mig_prolific', 'single', 'dev_cluster')",0.11341343505499217,0.04448801693121079,0.023505531525771575,0.023786476294393257,0.0064704315733371005,0.2427524688306494,0.2221359596835154,0.03597718236090201,0.3359139668586115,0.296434058779677,0.05174318245157685,0.23010451851618977
"('sexonlybin_mig_prolific', 'single', 'task_cluster')",0.2155542578432646,0.29277354292872976,0.16487133890958786,0.030179357029073418,0.43699945307808963,0.28089262347438465,0.12765168388163514,0.03881208922775285,0.15829391082615824,0.18707000755501627,0.18602810626761074,0.06349492837904204
"('sexonlybin_mig_prolific', 'single', 'dev_task_cluster')",0.11729668458185939,0.04353502960266693,0.02317735607812999,0.041481550392263915,0.06958255587348486,0.12578702698437055,0.057557225867043836,0.02463201778402667,0.11301175563848224,0.19559864178257508,0.028243179514073943,0.07406524387350197
"('sexonlybin_mig_prolific', 'single', 'stage_cluster')",0.24455004712986503,0.3807589154977185,0.40721175417027805,0.04842198198803473,0.16543297840457521,0.03933053788281365,0.4356505804237988,0.017256567262175157,0.1144751067496097,0.06767559413559544,0.010869295890352498,0.34237446611992106
"('sexonlybin_mig_prolific', 'single', 'dev_stage_cluster')",0.04174541837646031,0.07001340958876763,0.0768490472026671,0.08444286501991974,0.057004541331546095,0.3090432651784494,0.26159359806374755,0.0671736433254824,0.2868325535525386,0.3202737836862022,0.08364367390221794,0.24186223295351048
"('sexonlybin_mig_prolific', 'single weighted rel', 'robust')",0.22889649073768115,0.09796578793449338,0.22779097334230358,0.21781977526660845,0.16714438940459286,0.6099512813138814,0.2709465222974621,0.003512173361410121,0.21142633094207652,0.4478530797607915,0.01380111485340818,0.1191524390727348
"('sexonlybin_mig_prolific', 'single weighted rel', 'dev_cluster')",0.2472474696970217,0.015811450912715196,0.014045710281607695,0.09504044687963963,0.14635966905364006,0.4861633415813609,0.13880400051520636,0.0033005170830902675,0.30579528222477437,0.19232013810346604,0.0008087340749976428,0.1873364662540373
"('sexonlybin_mig_prolific', 'single weighted rel', 'task_cluster')",0.4000447386040209,0.07387269808957642,0.04962153964877116,0.06163671525257783,0.555006843386625,0.1249698876045187,0.43262427718585283,0.16761197672797454,0.07368772074749158,0.17336916235592048,0.14302519303019118,0.050950663636304516
"('sexonlybin_mig_prolific', 'single weighted rel', 'dev_task_cluster')",0.28541831283222346,0.017295126287187216,0.062494122303164916,0.09762278389080388,0.22796163737154085,0.41122286418235704,0.22150472280013736,0.025135243598253185,0.10617888302390499,0.1852227365628385,0.05083573149160767,0.05485251635021975
"('sexonlybin_mig_prolific', 'single weighted rel', 'stage_cluster')",0.26267799245098383,0.35371057892916613,0.5461449391429285,0.2998519385319626,0.14232272820671024,0.3421602376379839,0.5428614207297311,0.037682911347074,0.00718255591630015,0.18677420070505157,0.03873235211431465,0.0466797299390115
"('sexonlybin_mig_prolific', 'single weighted rel', 'dev_stage_cluster')",0.15209028227465607,0.05140736030479766,0.16679872657283315,0.23470124649957788,0.1231306555615602,0.4319173004053275,0.39454500082685295,0.030608150873141227,0.22618734204334257,0.46749051018878945,0.008730391121640035,0.24055944022143522
"('sexonlybin_mig_prolific', 'single weighted abs', 'robust')",0.1689641022489764,0.06989364540280295,0.16392256561038943,0.33217380527149387,0.17599694086621553,0.38474167010020466,0.13418195076349507,0.009436203295716742,0.10706646242226671,0.3444627087763914,0.03524961436489691,0.11382522420895153
"('sexonlybin_mig_prolific', 'single weighted abs', 'dev_cluster')",0.07196061691709321,0.01959078466036907,0.01220805479048807,0.13207901635738414,0.09347472976477962,0.4084546081162491,0.018548950188994922,0.0012505329116412286,0.05423227224336781,0.049744090794634606,0.004691334731889316,0.21570991009104354
"('sexonlybin_mig_prolific', 'single weighted abs', 'task_cluster')",0.32844154255482294,0.018233094898728965,0.12490692325127759,0.3037842116398004,0.5219557570375375,0.026730068277793402,0.025719871608098785,0.04887691641365557,0.061816036996168354,0.5908753081370208,0.10082569063192606,0.12042002087709869
"('sexonlybin_mig_prolific', 'single weighted abs', 'dev_task_cluster')",0.1178917960188439,0.025759786322907183,0.007811709811922848,0.391068432697688,0.16235224040744736,0.17572711181973608,0.1587534953697156,0.02478199908943634,0.11386989938910465,0.21004488535699317,0.03805387045801024,0.06107839247432225
"('sexonlybin_mig_prolific', 'single weighted abs', 'stage_cluster')",0.15587993026491767,0.40316031714057193,0.48171305163916606,0.3532198592286276,0.24215543923011076,0.21532480938871965,0.46493201415431235,0.008710391366466164,0.17258128472081408,0.27239055225802256,0.04336623101409779,0.1555899350424389
"('sexonlybin_mig_prolific', 'single weighted abs', 'dev_stage_cluster')",0.0227815931755259,0.060285538559289836,0.2502321895416426,0.3433250537448508,0.054494231582788946,0.3005659526671064,0.31958726947995825,0.057665044220911656,0.2936236974596672,0.43335403570173103,0.038182244977898475,0.3056095523503039
"('sexonlybin_sex_prolific', 'aggregated', 'robust')",0.4705058543162811,0.6774065847708537,0.9057700525068523,0.05632575484573031,0.08335764283678365,0.460044354982009,0.08960907910453683,0.000466696780008247,0.40747579524941313,0.06791513374897522,0.005963094122586613,0.3151912787801112
"('sexonlybin_sex_prolific', 'aggregated', 'dev_cluster')",0.44888449998060986,0.14587285449714277,0.7780413400577353,0.012307356860740987,0.06175066454257215,0.5440300174325831,0.051999863238340265,0.07956598703678423,0.5144877836447923,0.08793999346804615,0.07593523069860361,0.42989222122879345
"('sexonlybin_sex_prolific', 'aggregated', 'task_cluster')",0.5542010575535101,0.8773223238704796,0.9721107633854054,0.37689151708202956,0.18554947104828154,0.5075561179615533,0.04849041805672278,0.07772667739879778,0.5208713226521094,0.2301500174759016,0.009374159677091192,0.5029419004963155
"('sexonlybin_sex_prolific', 'aggregated', 'dev_task_cluster')",0.4339620716504883,0.7806943555636106,0.9312065268797656,0.09414919393531014,0.22144254464301685,0.41137749289855796,0.0047974033357423545,0.01064209169810203,0.4139950846846315,0.017532581530045065,0.04335641336750419,0.3449136813669569
"('sexonlybin_sex_prolific', 'aggregated', 'stage_cluster')",0.5669862028110629,0.8255348444792742,0.968143526848512,0.083568922128238,0.03467203313670486,0.4121569850440659,0.5418430906881702,0.034974988258217085,0.05362895126832483,0.5187654259384562,0.2763903044759389,0.12270319142839589
"('sexonlybin_sex_prolific', 'aggregated', 'dev_stage_cluster')",0.44450703646714396,0.7061092131012354,0.9355367262325468,0.06660001790090689,0.1527567257607675,0.3823457648206295,0.14916072186318993,0.026193657921310676,0.3656039448605716,0.13843331491628555,0.10105761177876393,0.31894278356234557
"('sexonlybin_sex_prolific', 'aggregated weighted', 'robust')",0.30568657193866067,0.963902162759525,0.8959439297375411,0.21478415294486697,0.3451247111460568,0.23490196601123814,0.573783077176331,0.0011267926303016843,0.10418066860340698,0.7552208416516987,0.029426389415357194,0.07361881888202813
"('sexonlybin_sex_prolific', 'aggregated weighted', 'dev_cluster')",0.3640331054306276,0.8903158700285991,0.8768292926458092,0.03953665515477666,0.2696385810813197,0.17959877212873246,0.5135454398456932,0.07891461200199308,0.24210661155515945,0.585446724698594,0.14507785240251436,0.19503286727931154
"('sexonlybin_sex_prolific', 'aggregated weighted', 'task_cluster')",0.4940152852975774,0.9840816857419405,0.9680948605261263,0.4239565311701761,0.46741163615387565,0.43029160670892347,0.6461494177104858,0.08749443491630053,0.11019219522087285,0.6419632241568132,0.21532735527189303,0.0937488328459651
"('sexonlybin_sex_prolific', 'aggregated weighted', 'dev_task_cluster')",0.3003077446908989,0.9741719742671466,0.9238722578032115,0.2432640300080222,0.40116652573066425,0.23901165173150146,0.4303550534088451,0.01221272091234617,0.07319075337087941,0.4501945255622857,0.05544840276591987,0.06444364376804318
"('sexonlybin_sex_prolific', 'aggregated weighted', 'stage_cluster')",0.1256199303908217,0.9708657424410585,0.9422368332300355,0.031255987610021574,0.47449598957009664,0.17329085018181414,0.7931565932514699,0.040358606213039154,0.11412926698512041,0.8800367692326038,0.12380927479152172,0.21595901630026954
"('sexonlybin_sex_prolific', 'aggregated weighted', 'dev_stage_cluster')",0.15920926462298413,0.9631951468911393,0.9221085847597008,0.2788782489391135,0.3497197339201258,0.15116946707643325,0.6435394386026028,0.04948977413166158,0.10134151079336681,0.7181264811777823,0.2005823985842932,0.1227489612616649
"('sexonlybin_sex_prolific', 'single', 'robust')",0.18093941998056273,0.16821216616863854,0.07283401256359638,0.09024065866728155,0.0647342512002964,0.28685045214728044,0.08411261841337705,0.011337311107838217,0.4571353201244588,0.061079817286784875,0.019959128158703057,0.3759306680815021
"('sexonlybin_sex_prolific', 'single', 'dev_cluster')",0.021790444256253517,0.06904402366243198,0.023888568294292045,0.040204540427496216,0.003862346331251997,0.16948486669321097,0.03484453514799405,0.004877453086742086,0.41373754484019254,0.03564906469852127,0.049672393295463003,0.36180240847397416
"('sexonlybin_sex_prolific', 'single', 'task_cluster')",0.07656185747123495,0.3440299908445501,0.19627744133679423,0.15759997999446732,0.40519824562016127,0.2834560498826138,0.08711712003090785,0.021353294780578777,0.008315622028687361,0.041792352939523936,0.11343741590436834,0.46800621733067577
"('sexonlybin_sex_prolific', 'single', 'dev_task_cluster')",0.10027340585480315,0.08472576717663094,0.11168875878544621,0.02894195778597799,0.05288350711913273,0.0657330587097626,0.007146109457499489,0.022423359183617625,0.31123476241485926,0.0258787235209488,0.02487957439302062,0.2892113395776979
"('sexonlybin_sex_prolific', 'single', 'stage_cluster')",0.2057932160222636,0.2729622123286783,0.2851631137135712,0.03185241576483603,0.20162178242086673,0.10435019657303393,0.24272851521406164,0.05577855434438052,0.3995182306193991,0.006490661555806689,0.01957452290236137,0.555810982896521
"('sexonlybin_sex_prolific', 'single', 'dev_stage_cluster')",0.011383377323687412,0.1260858642610227,0.09787439050190046,0.007258241662460385,0.05304355054086438,0.24326732117878277,0.08053955728533961,0.03784601686078828,0.4282832175230252,0.06503337737033926,0.05626008245611604,0.4216025335771635
"('sexonlybin_sex_prolific', 'single weighted rel', 'robust')",0.3855699516089449,0.15445049461147234,0.1977063028954762,0.12443808762339417,0.16199846121254247,0.5906803641161066,0.2942250527849307,0.004489631512313835,0.2751231616915759,0.3333126841420765,0.027867726504962137,0.30161289580405726
"('sexonlybin_sex_prolific', 'single weighted rel', 'dev_cluster')",0.18286434253083636,0.034297698085756785,7.143935246448478e-05,0.06680492135093763,0.1366198023300346,0.4959333858048254,0.0599467514954791,0.010232372574676653,0.30571541491574583,0.05794147563746474,0.0012258079132217662,0.3279818612279566
"('sexonlybin_sex_prolific', 'single weighted rel', 'task_cluster')",0.15255752866282074,0.03206836004476886,0.12584771102620715,0.15854301054959483,0.5298150787250162,0.5421654852317843,0.28692100027718254,0.13731534354553185,0.3719326512713826,0.20413174370100318,0.09641238383216941,0.3699045592742033
"('sexonlybin_sex_prolific', 'single weighted rel', 'dev_task_cluster')",0.31606204923477776,0.02738871473195626,0.11464565042520296,0.03307277448324758,0.20851036960786581,0.4098633982418263,0.11750585830769988,0.022276385287184,0.29144257942105023,0.13714500479308264,0.04674099028391001,0.22141360529355028
"('sexonlybin_sex_prolific', 'single weighted rel', 'stage_cluster')",0.16512932100365396,0.4066580376580068,0.44902171404025715,0.08021879439406221,0.07403108101484907,0.241273049245508,0.6647870757998938,0.1031060050248898,0.1952378230424465,0.1625839629696747,0.04845316069535324,0.024484799637053547
"('sexonlybin_sex_prolific', 'single weighted rel', 'dev_stage_cluster')",0.08706567180329094,0.08862812933396665,0.24171436132207816,0.13687026855963394,0.12346794451215534,0.342203205044193,0.36136089822615824,0.032205317052306,0.3689616985647625,0.43992039748476097,0.009369752208039647,0.3785082652761019
"('sexonlybin_sex_prolific', 'single weighted abs', 'robust')",0.22748057844252823,0.12995351255840284,0.1597597372276327,0.19079457878616624,0.1542574532006597,0.3463987961105123,0.13613632390006902,0.010388206760785347,0.10103269598803265,0.709844681148633,0.04894956862827946,0.23324674055990247
"('sexonlybin_sex_prolific', 'single weighted abs', 'dev_cluster')",0.04979263632337283,0.038267529370799525,0.015058301397046935,0.17490272883647964,0.07840261726059536,0.3562542926935588,0.09610546695419367,0.011065912506833904,0.2064024904961321,0.4606497999719483,0.006752911611808547,0.22426650142069052
"('sexonlybin_sex_prolific', 'single weighted abs', 'task_cluster')",0.06831481137533935,0.07041712639319474,0.15734123389579932,0.14239569720984233,0.4885869241412242,0.21267968672889012,0.2805863761375942,0.08939117237802945,0.13945178269458358,0.6692996974764034,0.031331789932327665,0.08746433533028476
"('sexonlybin_sex_prolific', 'single weighted abs', 'dev_task_cluster')",0.1364273111576037,0.050703433296882434,0.0086794409742202,0.23184716612251763,0.12941203388229128,0.13481103237492748,0.12611051080145788,0.02332383210717528,0.1535536245878843,0.4941374699678086,0.027583008793636888,0.11089434581927128
"('sexonlybin_sex_prolific', 'single weighted abs', 'stage_cluster')",0.001047787680371287,0.4709566427456489,0.2579542517763941,0.08418590607829005,0.17324221924316546,0.05717089147070965,0.5285822905831914,0.0668764226801925,0.18350096888926776,0.709494453516764,0.1292695065461562,0.2703957638007455
"('sexonlybin_sex_prolific', 'single weighted abs', 'dev_stage_cluster')",0.0024131482210985214,0.13129327352405043,0.2893512256422336,0.2769848619523046,0.053097946691618166,0.23068886186929277,0.2985686378034931,0.053715866875902775,0.27297209355725827,0.737648688003415,0.03187001481156057,0.37936823842366946
"('sexonlybin_sex_mig_prolific', 'aggregated', 'robust')",0.2777528719072717,0.43713245252926025,0.6979873514509638,0.0705571566564414,0.0994716098161079,0.4348634734187916,0.2827050092997181,0.0007897942314887711,0.31854020910383785,0.222251698765489,0.005963280653107217,0.2611759996205042
"('sexonlybin_sex_mig_prolific', 'aggregated', 'dev_cluster')",0.23439604307118475,0.17161633432267498,0.5961855021096392,0.044746796412143346,0.06592684266109534,0.5955442006218272,0.21489595568191047,0.05573207849443729,0.28722029882023187,0.1557692668614369,0.05359748578724597,0.24486129695464331
"('sexonlybin_sex_mig_prolific', 'aggregated', 'task_cluster')",0.23656813266329227,0.770448738738263,0.9012073031055221,0.25153526186700825,0.09811766990193972,0.14310275499522054,0.4037906602320602,0.07008843603999372,0.4291887598892553,0.4575169781376657,0.009132981292928864,0.5320270502685245
"('sexonlybin_sex_mig_prolific', 'aggregated', 'dev_task_cluster')",0.2161797618686919,0.5570416538737897,0.7652107749187611,0.050130916003506686,0.24950151906516704,0.42526983418448644,0.10747444088820642,0.007874040293871289,0.29711781496019446,0.10660702415870874,0.035784080261496036,0.27004295336014783
"('sexonlybin_sex_mig_prolific', 'aggregated', 'stage_cluster')",0.3476222159402115,0.7419561471398204,0.893022726855936,0.07009565303282508,0.06671435834616884,0.38088257524761987,0.7160560345876172,0.014742408582492362,0.06777651445759666,0.6794842003911734,0.2757420407135163,0.03273943709061569
"('sexonlybin_sex_mig_prolific', 'aggregated', 'dev_stage_cluster')",0.2777073994389956,0.5298672748008322,0.8085600777522406,0.14410525090515203,0.146211324209549,0.42193090605247685,0.4313794235164633,0.027659953653581898,0.21025311743350827,0.36247035888059775,0.10208324382210175,0.18904976272843235
"('sexonlybin_sex_mig_prolific', 'aggregated weighted', 'robust')",0.20762890894717212,0.6359426371563996,0.7918767457385011,0.20760013145501466,0.2987148209420646,0.22368631868377997,0.5186668752344519,0.0020837745246739385,0.08314441118678825,0.6080069549779678,0.02411829921830708,0.06378074037022848
"('sexonlybin_sex_mig_prolific', 'aggregated weighted', 'dev_cluster')",0.2118075689044484,0.4045306066626546,0.8077821083752417,0.0745756378103413,0.21794287646444244,0.2440122356489654,0.4693162232671464,0.08033076556049988,0.17773503852542868,0.47419170143599176,0.13268191334828697,0.1396744564363992
"('sexonlybin_sex_mig_prolific', 'aggregated weighted', 'task_cluster')",0.2796456876479881,0.8385441774372613,0.9319767700066901,0.35041301645649214,0.3698569920212263,0.3481820756959097,0.5146901350449098,0.10010052170329953,0.11145994309190195,0.5058845965963905,0.21384310707139734,0.10090233546332575
"('sexonlybin_sex_mig_prolific', 'aggregated weighted', 'dev_task_cluster')",0.15736923770294783,0.7121249087748711,0.8436790453119004,0.2268554297980949,0.3459282065554798,0.23953537057708293,0.3402583930322001,0.012098095680835546,0.04329257196333421,0.32753932900526495,0.05292941633647784,0.04096300328101142
"('sexonlybin_sex_mig_prolific', 'aggregated weighted', 'stage_cluster')",0.07726341745605908,0.7982977132262856,0.8879536164406034,0.08472775496632444,0.4798534093900813,0.2515678574439454,0.7807346982398838,0.0231007292951719,0.0862361857708493,0.8168752417319414,0.12464229212837168,0.18555945360443757
"('sexonlybin_sex_mig_prolific', 'aggregated weighted', 'dev_stage_cluster')",0.0906046528928022,0.6611616630975664,0.8518177994691211,0.32808542952576036,0.3076498461497494,0.20547769574248154,0.6109264128738753,0.056547714517915626,0.04656439817865634,0.614137699179464,0.19225374454763072,0.06971183583757865
"('sexonlybin_sex_mig_prolific', 'single', 'robust')",0.14309143266316135,0.11649052119527772,0.08321875209289362,0.16749841140707844,0.06634005142561258,0.3484359393603367,0.25160375212166586,0.01455088544485588,0.45564127210802174,0.1860429995103402,0.02450307344016427,0.3791223837814096
"('sexonlybin_sex_mig_prolific', 'single', 'dev_cluster')",0.008824097083302068,0.04455815654724068,0.025664358635759606,0.05601688459313505,0.004440415494269552,0.23092529707688902,0.19354860986479078,0.011624239713347364,0.34049951525423805,0.25006799190337803,0.052272723809561016,0.3815107239645229
"('sexonlybin_sex_mig_prolific', 'single', 'task_cluster')",0.048499972371927685,0.3100050648874508,0.1669252441982178,0.026327390748585564,0.42365741534777906,0.22325513615720521,0.09715267278544085,0.011499239454432852,0.46239028328938275,0.22233701148944107,0.11990948417242445,0.44004662380575255
"('sexonlybin_sex_mig_prolific', 'single', 'dev_task_cluster')",0.08306529307189314,0.052451275698444474,0.09392300333917922,0.04448519927662508,0.0665727864868857,0.08781807119912945,0.05412680167162052,0.01816449108072863,0.2766763075147225,0.18028428838719793,0.020466295817747625,0.2978141085994351
"('sexonlybin_sex_mig_prolific', 'single', 'stage_cluster')",0.13266742471843734,0.3482557405131812,0.268469466177068,0.033428827463122736,0.192679814823137,0.04936683483205557,0.445616534238185,0.030304873036762676,0.31056572445151,0.12819882298386476,0.01503962855497929,0.6221555215203196
"('sexonlybin_sex_mig_prolific', 'single', 'dev_stage_cluster')",0.010031025904139002,0.07345713581955421,0.09214147734464505,0.09145350323908855,0.04492047807688387,0.2762308771744148,0.250066740516297,0.04539745311865819,0.44740562825745755,0.30209440018607586,0.07154528934124071,0.4396195460837675
"('sexonlybin_sex_mig_prolific', 'single weighted rel', 'robust')",0.378002177980436,0.10430833114524073,0.22445708086037008,0.12889341323904036,0.1599856283064055,0.6074398554517557,0.3088997152276636,0.006451666062782946,0.24301012164437863,0.4377267908174912,0.030075637034735703,0.3397639323024504
"('sexonlybin_sex_mig_prolific', 'single weighted rel', 'dev_cluster')",0.13588146769648402,0.020609244663229526,0.0015357357865187506,0.13566902488931354,0.14369438818093266,0.4956269521304255,0.11714434571627892,0.011647721134801893,0.14316025399676363,0.11934657190888533,0.0011042576075049172,0.3515988548559814
"('sexonlybin_sex_mig_prolific', 'single weighted rel', 'task_cluster')",0.2876439544749404,0.07710388461022853,0.07825136551638627,0.07385449960200811,0.5390276680658552,0.10546626246718047,0.010920640398460496,0.15072730308166316,0.22491209602871548,0.06954208156624794,0.12280381719822545,0.34950531232705584
"('sexonlybin_sex_mig_prolific', 'single weighted rel', 'dev_task_cluster')",0.31888086890300715,0.02398385954968876,0.11166632043213472,0.09907439120315854,0.21859867499946029,0.40447131836655553,0.19075714852279477,0.02016978303717072,0.334835429939996,0.26622709768927216,0.0430835153363462,0.24998211913478394
"('sexonlybin_sex_mig_prolific', 'single weighted rel', 'stage_cluster')",0.16616298611568725,0.3569836464619702,0.43000395124959395,0.0943779866573769,0.091099632285672,0.3128264475509076,0.6564183206282199,0.09201605573756899,0.2665651498023379,0.30364178895132876,0.050862491230405364,0.02503026978002937
"('sexonlybin_sex_mig_prolific', 'single weighted rel', 'dev_stage_cluster')",0.10443463320781393,0.05501783898429844,0.22609769053956005,0.2640737622185419,0.12286569187180618,0.4340963713458691,0.4278293249295413,0.030884148396404094,0.37772642165132214,0.527092781193085,0.009599428110927937,0.4168359082513126
"('sexonlybin_sex_mig_prolific', 'single weighted abs', 'robust')",0.21559989582489114,0.07992215975750977,0.16633962319144002,0.19356863460263463,0.16183268111376325,0.35987055924961353,0.13882685609987291,0.014663828983316909,0.09250322077585525,0.6967264052014961,0.05177083331647571,0.26453041934701305
"('sexonlybin_sex_mig_prolific', 'single weighted abs', 'dev_cluster')",0.04025732319746071,0.023967222212487062,0.009835708366509334,0.17283397758061242,0.09316306626157302,0.3713544050502454,0.18258220973878064,0.012426660043804357,0.11200222139109162,0.44298763253648166,0.008061213742036537,0.2547766530030201
"('sexonlybin_sex_mig_prolific', 'single weighted abs', 'task_cluster')",0.181318386610812,0.01125620856998442,0.12046250168036025,0.33886790293869523,0.5137260616847455,0.030955005546742742,0.24712838245964494,0.06881377089526841,0.03260255943389995,0.5244027882022061,0.08891995332078177,0.04439562552223794
"('sexonlybin_sex_mig_prolific', 'single weighted abs', 'dev_task_cluster')",0.1363973899600306,0.04128196842328666,0.0076868788539288845,0.22108750660030344,0.15509523608464473,0.14786229292678071,0.15127922481809922,0.025049284630768102,0.22096758313183903,0.5035298777741963,0.028639952220052067,0.14187853913565204
"('sexonlybin_sex_mig_prolific', 'single weighted abs', 'stage_cluster')",0.013449850414558819,0.4118971187670014,0.26908655718971014,0.10761833860427382,0.201995532309596,0.0026270112769222185,0.474300858591265,0.026442604399585734,0.23758095821545297,0.17825062043621456,0.1004536290737722,0.3032320173678453
"('sexonlybin_sex_mig_prolific', 'single weighted abs', 'dev_stage_cluster')",0.003716363623230992,0.06773272009214341,0.2516429314215546,0.29817725910267656,0.056702129742136745,0.2801719372482957,0.319265593458395,0.053681028785927475,0.2715631226811021,0.7352866106542757,0.034265861228807586,0.4216133280470055
